TransactionDate,Representative,BioGuideID,ReportDate,Ticker,Transaction,Range,House,Amount,Party,last_modified
2024-01-02,THOMAS R. CARPER,C000174,2024-02-02,S,SALE (FULL),8000.5,SENATE,1001.0,D,2024-02-02
2024-01-02,THOMAS R. CARPER,C000174,2024-02-02,DELL,PURCHASE,8000.5,SENATE,1001.0,D,2024-02-02
2024-01-04,GREG LANDSMAN,L000601,2024-08-14,URI,PURCHASE,8000.5,REPRESENTATIVES,1001.0,D,2024-08-15
2024-01-04,GREG LANDSMAN,L000601,2024-08-14,MSFT,SALE,8000.5,REPRESENTATIVES,1001.0,D,2024-08-15
2024-01-04,JOSH GOTTHEIMER,G000583,2024-02-15,SPXC,SALE,8000.5,REPRESENTATIVES,1001.0,D,2024-02-16
2024-01-05,DEBBIE WASSERMAN SCHULTZ,W000797,2024-01-31,MAG,SALE,8000.5,REPRESENTATIVES,1001.0,D,2024-02-01
2024-01-08,DEBBIE WASSERMAN SCHULTZ,W000797,2024-01-31,MAG,PURCHASE,8000.5,REPRESENTATIVES,1001.0,D,2024-02-01
2024-01-09,RICK LARSEN,L000560,2024-01-19,HSY,SALE,8000.5,REPRESENTATIVES,1001.0,D,2024-01-22
2024-01-09,RICK LARSEN,L000560,2024-01-19,BMY,SALE,8000.5,REPRESENTATIVES,1001.0,D,2024-01-22
2024-01-09,JOSH GOTTHEIMER,G000583,2024-02-15,LOPE,SALE,8000.5,REPRESENTATIVES,1001.0,D,2024-02-16
2024-01-09,RICK LARSEN,L000560,2024-01-19,ZTS,PURCHASE,8000.5,REPRESENTATIVES,1001.0,D,2024-01-22
2024-01-09,RICK LARSEN,L000560,2024-01-19,CL,PURCHASE,8000.5,REPRESENTATIVES,1001.0,D,2024-01-22
2024-01-11,JOSH GOTTHEIMER,G000583,2024-02-15,NCLTY,SALE,8000.5,REPRESENTATIVES,1001.0,D,2024-02-16
2024-01-11,JOSH GOTTHEIMER,G000583,2024-02-15,HELE,PURCHASE,8000.5,REPRESENTATIVES,1001.0,D,2024-02-16
2024-01-11,JOSH GOTTHEIMER,G000583,2024-02-15,PYCR,PURCHASE,8000.5,REPRESENTATIVES,1001.0,D,2024-02-16
2024-01-11,JOSH GOTTHEIMER,G000583,2024-02-15,XNGSY,PURCHASE,8000.5,REPRESENTATIVES,1001.0,D,2024-02-16
2024-01-11,JOSH GOTTHEIMER,G000583,2024-02-15,PTEN,PURCHASE,8000.5,REPRESENTATIVES,1001.0,D,2024-02-16
2024-01-11,JOSH GOTTHEIMER,G000583,2024-02-15,ALNY,PURCHASE,8000.5,REPRESENTATIVES,1001.0,D,2024-02-16
2024-01-11,JOSH GOTTHEIMER,G000583,2024-02-15,ALGM,PURCHASE,8000.5,REPRESENTATIVES,1001.0,D,2024-02-16
2024-01-11,JOSH GOTTHEIMER,G000583,2024-02-15,OCFC,PURCHASE,8000.5,REPRESENTATIVES,1001.0,D,2024-02-16
2024-01-11,JOSH GOTTHEIMER,G000583,2024-02-15,HSHCY,PURCHASE,8000.5,REPRESENTATIVES,1001.0,D,2024-02-16
2024-01-11,JOSH GOTTHEIMER,G000583,2024-02-15,SHLS,PURCHASE,8000.5,REPRESENTATIVES,1001.0,D,2024-02-16
2024-01-11,JOSH GOTTHEIMER,G000583,2024-02-15,SSDOY,PURCHASE,8000.5,REPRESENTATIVES,1001.0,D,2024-02-16
2024-01-11,JOSH GOTTHEIMER,G000583,2024-02-15,ON,PURCHASE,8000.5,REPRESENTATIVES,1001.0,D,2024-02-16
2024-01-11,JOSH GOTTHEIMER,G000583,2024-02-15,GTLS,PURCHASE,8000.5,REPRESENTATIVES,1001.0,D,2024-02-16
2024-01-11,JOSH GOTTHEIMER,G000583,2024-02-15,PNGAY,PURCHASE,8000.5,REPRESENTATIVES,1001.0,D,2024-02-16
2024-01-11,JOSH GOTTHEIMER,G000583,2024-02-15,BAP,PURCHASE,8000.5,REPRESENTATIVES,1001.0,D,2024-02-16
2024-01-12,JOSH GOTTHEIMER,G000583,2024-02-15,SCHW,PURCHASE,8000.5,REPRESENTATIVES,1001.0,D,2024-02-16
2024-01-17,THOMAS R. CARPER,C000174,2024-02-02,ABT,SALE (PARTIAL),8000.5,SENATE,1001.0,D,2024-02-02
2024-01-17,THOMAS R. CARPER,C000174,2024-02-02,GBIL,PURCHASE,8000.5,SENATE,1001.0,D,2024-02-02
2024-01-17,THOMAS R. CARPER,C000174,2024-02-02,AES,PURCHASE,8000.5,SENATE,1001.0,D,2024-02-02
2024-01-17,THOMAS R. CARPER,C000174,2024-02-02,MET,SALE (PARTIAL),8000.5,SENATE,1001.0,D,2024-02-02
2024-01-17,THOMAS R. CARPER,C000174,2024-02-02,VLO,PURCHASE,8000.5,SENATE,1001.0,D,2024-02-02
2024-01-17,THOMAS R. CARPER,C000174,2024-02-02,TTE,SALE (PARTIAL),8000.5,SENATE,1001.0,D,2024-02-02
2024-01-17,THOMAS R. CARPER,C000174,2024-02-02,SBUX,PURCHASE,8000.5,SENATE,1001.0,D,2024-02-02
2024-01-17,JONATHAN JACKSON,J000309,2024-02-15,REGN,PURCHASE,8000.5,REPRESENTATIVES,1001.0,D,2024-02-16
2024-01-17,THOMAS R. CARPER,C000174,2024-02-02,ETRN,PURCHASE,8000.5,SENATE,1001.0,D,2024-02-02
2024-01-17,THOMAS R. CARPER,C000174,2024-02-02,CME,PURCHASE,8000.5,SENATE,1001.0,D,2024-02-02
2024-01-18,JOSH GOTTHEIMER,G000583,2024-02-15,TSM,PURCHASE,8000.5,REPRESENTATIVES,1001.0,D,2024-02-16
2024-01-18,JOSH GOTTHEIMER,G000583,2024-02-15,MSFT,SALE,8000.5,REPRESENTATIVES,1001.0,D,2024-02-16
2024-01-18,JOSH GOTTHEIMER,G000583,2024-02-15,APD,PURCHASE,8000.5,REPRESENTATIVES,1001.0,D,2024-02-16
2024-01-18,JOSH GOTTHEIMER,G000583,2024-02-15,AAPL,SALE,8000.5,REPRESENTATIVES,1001.0,D,2024-02-16
2024-01-23,KATHY MANNING,M001135,2024-02-06,LMT,PURCHASE,8000.5,REPRESENTATIVES,1001.0,D,2024-02-07
2024-01-23,KATHY MANNING,M001135,2024-02-06,INTU,SALE,8000.5,REPRESENTATIVES,1001.0,D,2024-02-07
2024-01-23,KATHY MANNING,M001135,2024-02-06,MDT,PURCHASE,8000.5,REPRESENTATIVES,1001.0,D,2024-02-07
2024-01-23,KATHY MANNING,M001135,2024-02-06,GOOG,SALE,8000.5,REPRESENTATIVES,1001.0,D,2024-02-07
2024-01-23,KATHY MANNING,M001135,2024-02-06,NKE,PURCHASE,8000.5,REPRESENTATIVES,1001.0,D,2024-02-07
2024-01-23,KATHY MANNING,M001135,2024-02-06,MSFT,PURCHASE,8000.5,REPRESENTATIVES,1001.0,D,2024-02-07
2024-01-23,KATHY MANNING,M001135,2024-02-06,SBUX,SALE,8000.5,REPRESENTATIVES,1001.0,D,2024-02-07
2024-01-23,KATHY MANNING,M001135,2024-02-06,ACN,SALE,8000.5,REPRESENTATIVES,1001.0,D,2024-02-07
2024-01-23,KATHY MANNING,M001135,2024-02-06,GIS,SALE,8000.5,REPRESENTATIVES,1001.0,D,2024-02-07
2024-01-23,KATHY MANNING,M001135,2024-02-06,COST,PURCHASE,8000.5,REPRESENTATIVES,1001.0,D,2024-02-07
2024-01-23,KATHY MANNING,M001135,2024-02-06,MRK,PURCHASE,8000.5,REPRESENTATIVES,1001.0,D,2024-02-07
2024-01-23,KATHY MANNING,M001135,2024-02-06,TJX,PURCHASE,8000.5,REPRESENTATIVES,1001.0,D,2024-02-07
2024-01-23,KATHY MANNING,M001135,2024-02-06,V,SALE,8000.5,REPRESENTATIVES,1001.0,D,2024-02-07
2024-01-23,KATHY MANNING,M001135,2024-02-06,LRCX,SALE,8000.5,REPRESENTATIVES,1001.0,D,2024-02-07
2024-01-23,KATHY MANNING,M001135,2024-02-06,MU,SALE,8000.5,REPRESENTATIVES,1001.0,D,2024-02-07
2024-01-23,KATHY MANNING,M001135,2024-02-06,AAPL,SALE,8000.5,REPRESENTATIVES,1001.0,D,2024-02-07
2024-01-23,KATHY MANNING,M001135,2024-02-06,ABT,SALE,8000.5,REPRESENTATIVES,1001.0,D,2024-02-07
2024-01-23,KATHY MANNING,M001135,2024-02-06,MA,PURCHASE,8000.5,REPRESENTATIVES,1001.0,D,2024-02-07
2024-01-23,KATHY MANNING,M001135,2024-02-06,CAT,SALE,8000.5,REPRESENTATIVES,1001.0,D,2024-02-07
2024-01-23,KATHY MANNING,M001135,2024-02-06,CFG,PURCHASE,8000.5,REPRESENTATIVES,1001.0,D,2024-02-07
2024-01-23,KATHY MANNING,M001135,2024-02-06,PKG,SALE,8000.5,REPRESENTATIVES,1001.0,D,2024-02-07
2024-01-23,KATHY MANNING,M001135,2024-02-06,JPM,SALE,8000.5,REPRESENTATIVES,1001.0,D,2024-02-07
2024-01-23,KATHY MANNING,M001135,2024-02-06,AON,PURCHASE,8000.5,REPRESENTATIVES,1001.0,D,2024-02-07
2024-01-23,KATHY MANNING,M001135,2024-02-06,GOOGL,SALE,8000.5,REPRESENTATIVES,1001.0,D,2024-02-07
2024-01-23,KATHY MANNING,M001135,2024-02-06,WMT,PURCHASE,8000.5,REPRESENTATIVES,1001.0,D,2024-02-07
2024-01-23,KATHY MANNING,M001135,2024-02-06,CB,PURCHASE,8000.5,REPRESENTATIVES,1001.0,D,2024-02-07
2024-01-23,KATHY MANNING,M001135,2024-02-06,JNJ,PURCHASE,8000.5,REPRESENTATIVES,1001.0,D,2024-02-07
2024-01-23,KATHY MANNING,M001135,2024-02-06,CRM,PURCHASE,8000.5,REPRESENTATIVES,1001.0,D,2024-02-07
2024-01-23,KATHY MANNING,M001135,2024-02-06,MSCI,PURCHASE,8000.5,REPRESENTATIVES,1001.0,D,2024-02-07
2024-01-23,KATHY MANNING,M001135,2024-02-06,QCOM,SALE,8000.5,REPRESENTATIVES,1001.0,D,2024-02-07
2024-01-23,KATHY MANNING,M001135,2024-02-06,SYY,PURCHASE,8000.5,REPRESENTATIVES,1001.0,D,2024-02-07
2024-01-23,KATHY MANNING,M001135,2024-02-06,PG,PURCHASE,8000.5,REPRESENTATIVES,1001.0,D,2024-02-07
2024-01-23,KATHY MANNING,M001135,2024-02-06,ABBV,PURCHASE,8000.5,REPRESENTATIVES,1001.0,D,2024-02-07
2024-01-23,KATHY MANNING,M001135,2024-02-06,AMGN,PURCHASE,8000.5,REPRESENTATIVES,1001.0,D,2024-02-07
2024-01-23,KATHY MANNING,M001135,2024-02-06,CME,PURCHASE,8000.5,REPRESENTATIVES,1001.0,D,2024-02-07
2024-01-24,JOSH GOTTHEIMER,G000583,2024-02-15,CHRD,PURCHASE,8000.5,REPRESENTATIVES,1001.0,D,2024-02-16
2024-01-24,JOSH GOTTHEIMER,G000583,2024-02-15,MEDP,SALE,8000.5,REPRESENTATIVES,1001.0,D,2024-02-16
2024-01-24,WILLIAM R. KEATING,K000375,2024-02-05,PANW,PURCHASE,8000.5,REPRESENTATIVES,1001.0,D,2024-02-06
2024-01-24,JOSH GOTTHEIMER,G000583,2024-02-15,ABG,PURCHASE,8000.5,REPRESENTATIVES,1001.0,D,2024-02-16
2024-01-24,JOSH GOTTHEIMER,G000583,2024-02-15,LOW,SALE,8000.5,REPRESENTATIVES,1001.0,D,2024-02-16
2024-01-24,JOSH GOTTHEIMER,G000583,2024-02-15,AGIO,PURCHASE,8000.5,REPRESENTATIVES,1001.0,D,2024-02-16
2024-01-24,JOSH GOTTHEIMER,G000583,2024-02-15,AMD,PURCHASE,8000.5,REPRESENTATIVES,1001.0,D,2024-02-16
2024-01-24,JOSH GOTTHEIMER,G000583,2024-02-15,TPH,PURCHASE,8000.5,REPRESENTATIVES,1001.0,D,2024-02-16
2024-01-24,JOSH GOTTHEIMER,G000583,2024-02-15,LAD,SALE,8000.5,REPRESENTATIVES,1001.0,D,2024-02-16
2024-01-25,JOSH GOTTHEIMER,G000583,2024-02-15,ON,SALE,8000.5,REPRESENTATIVES,1001.0,D,2024-02-16
2024-01-25,SHRI THANEDAR,T000488,2024-02-23,GOOG,SALE,8000.5,REPRESENTATIVES,1001.0,D,2024-02-26
2024-01-25,SHRI THANEDAR,T000488,2024-02-23,AMZN,SALE,8000.5,REPRESENTATIVES,1001.0,D,2024-02-26
2024-01-25,SHRI THANEDAR,T000488,2024-02-23,BRK.B,SALE,8000.5,REPRESENTATIVES,1001.0,D,2024-02-26
2024-01-25,JOSH GOTTHEIMER,G000583,2024-02-15,TSLA,SALE,8000.5,REPRESENTATIVES,1001.0,D,2024-02-16
2024-01-25,JOSH GOTTHEIMER,G000583,2024-02-15,NOW,PURCHASE,8000.5,REPRESENTATIVES,1001.0,D,2024-02-16
2024-01-25,SHRI THANEDAR,T000488,2024-02-23,GOOGL,SALE,8000.5,REPRESENTATIVES,1001.0,D,2024-02-26
2024-01-25,JOSH GOTTHEIMER,G000583,2024-02-15,APH,SALE,8000.5,REPRESENTATIVES,1001.0,D,2024-02-16
2024-01-25,JOSH GOTTHEIMER,G000583,2024-02-15,LRCX,PURCHASE,8000.5,REPRESENTATIVES,1001.0,D,2024-02-16
2024-01-25,SHRI THANEDAR,T000488,2024-02-23,MSFT,SALE,8000.5,REPRESENTATIVES,1001.0,D,2024-02-26
2024-01-29,JOSH GOTTHEIMER,G000583,2024-02-15,ISRG,PURCHASE,8000.5,REPRESENTATIVES,1001.0,D,2024-02-16
2024-01-29,JOSH GOTTHEIMER,G000583,2024-02-15,ALNY,SALE,8000.5,REPRESENTATIVES,1001.0,D,2024-02-16
2024-02-01,JOSH GOTTHEIMER,G000583,2024-03-07,SCHW,SALE,8000.5,REPRESENTATIVES,1001.0,D,2024-03-08
2024-02-01,JARED MOSKOWITZ,M001217,2024-08-06,NKE,SALE,8000.5,REPRESENTATIVES,1001.0,D,2024-08-07
2024-02-01,JARED MOSKOWITZ,M001217,2024-08-06,FDS,PURCHASE,8000.5,REPRESENTATIVES,1001.0,D,2024-08-07
2024-02-01,JARED MOSKOWITZ,M001217,2024-08-21,SNA,PURCHASE,8000.5,REPRESENTATIVES,1001.0,D,2024-08-22
2024-02-01,JOSH GOTTHEIMER,G000583,2024-03-07,FSLR,SALE,8000.5,REPRESENTATIVES,1001.0,D,2024-03-08
2024-02-01,JARED MOSKOWITZ,M001217,2024-08-21,NKE,SALE,8000.5,REPRESENTATIVES,1001.0,D,2024-08-22
2024-02-01,JARED MOSKOWITZ,M001217,2024-08-06,ELV,PURCHASE,8000.5,REPRESENTATIVES,1001.0,D,2024-08-07
2024-02-01,JARED MOSKOWITZ,M001217,2024-08-06,KMB,SALE,8000.5,REPRESENTATIVES,1001.0,D,2024-08-07
2024-02-01,JARED MOSKOWITZ,M001217,2024-08-21,APD,SALE,8000.5,REPRESENTATIVES,1001.0,D,2024-08-22
2024-02-01,JOSH GOTTHEIMER,G000583,2024-03-07,DE,SALE,8000.5,REPRESENTATIVES,1001.0,D,2024-03-08
2024-02-01,JARED MOSKOWITZ,M001217,2024-08-21,MDLZ,PURCHASE,8000.5,REPRESENTATIVES,1001.0,D,2024-08-22
2024-02-01,JOSH GOTTHEIMER,G000583,2024-03-07,MSCI,SALE,8000.5,REPRESENTATIVES,1001.0,D,2024-03-08
2024-02-01,JOSH GOTTHEIMER,G000583,2024-03-07,EXAS,SALE,8000.5,REPRESENTATIVES,1001.0,D,2024-03-08
2024-02-01,JARED MOSKOWITZ,M001217,2024-08-21,KMB,SALE,8000.5,REPRESENTATIVES,1001.0,D,2024-08-22
2024-02-01,JOSH GOTTHEIMER,G000583,2024-03-07,MRNA,SALE,8000.5,REPRESENTATIVES,1001.0,D,2024-03-08
2024-02-01,EARL BLUMENAUER,B000574,2024-03-02,GOOGL,SALE,8000.5,REPRESENTATIVES,1001.0,D,2024-03-05
2024-02-01,JARED MOSKOWITZ,M001217,2024-08-21,FDS,PURCHASE,8000.5,REPRESENTATIVES,1001.0,D,2024-08-22
2024-02-01,JOSH GOTTHEIMER,G000583,2024-03-07,LNG,SALE,8000.5,REPRESENTATIVES,1001.0,D,2024-03-08
2024-02-01,JARED MOSKOWITZ,M001217,2024-08-21,ELV,PURCHASE,8000.5,REPRESENTATIVES,1001.0,D,2024-08-22
2024-02-01,JARED MOSKOWITZ,M001217,2024-08-06,SNA,PURCHASE,8000.5,REPRESENTATIVES,1001.0,D,2024-08-07
2024-02-01,JARED MOSKOWITZ,M001217,2024-08-06,APD,SALE,8000.5,REPRESENTATIVES,1001.0,D,2024-08-07
2024-02-01,JOSH GOTTHEIMER,G000583,2024-03-07,TTD,SALE,8000.5,REPRESENTATIVES,1001.0,D,2024-03-08
2024-02-01,JOSH GOTTHEIMER,G000583,2024-03-07,MS,SALE,8000.5,REPRESENTATIVES,1001.0,D,2024-03-08
2024-02-08,JOSH GOTTHEIMER,G000583,2024-03-07,META,SALE,8000.5,REPRESENTATIVES,1001.0,D,2024-03-08
2024-02-08,JOSH GOTTHEIMER,G000583,2024-03-07,MSFT,SALE,8000.5,REPRESENTATIVES,1001.0,D,2024-03-08
2024-02-08,JOSH GOTTHEIMER,G000583,2024-03-07,MDB,SALE,8000.5,REPRESENTATIVES,1001.0,D,2024-03-08
2024-02-08,JOSH GOTTHEIMER,G000583,2024-03-07,REGN,SALE,8000.5,REPRESENTATIVES,1001.0,D,2024-03-08
2024-02-08,JOSH GOTTHEIMER,G000583,2024-03-07,BKNG,PURCHASE,8000.5,REPRESENTATIVES,1001.0,D,2024-03-08
2024-02-08,JOSH GOTTHEIMER,G000583,2024-03-07,LLY,SALE,8000.5,REPRESENTATIVES,1001.0,D,2024-03-08
2024-02-08,JOSH GOTTHEIMER,G000583,2024-03-07,NFLX,SALE,8000.5,REPRESENTATIVES,1001.0,D,2024-03-08
2024-02-08,JOSH GOTTHEIMER,G000583,2024-03-07,NVDA,SALE,8000.5,REPRESENTATIVES,1001.0,D,2024-03-08
2024-02-08,JOSH GOTTHEIMER,G000583,2024-03-07,KKR,PURCHASE,8000.5,REPRESENTATIVES,1001.0,D,2024-03-08
2024-02-09,JOSH GOTTHEIMER,G000583,2024-03-07,TSM,SALE,8000.5,REPRESENTATIVES,1001.0,D,2024-03-08
2024-02-09,JOSH GOTTHEIMER,G000583,2024-03-07,BKNG,PURCHASE,8000.5,REPRESENTATIVES,1001.0,D,2024-03-08
2024-02-12,EARL BLUMENAUER,B000574,2024-03-02,PHG,PURCHASE,8000.5,REPRESENTATIVES,1001.0,D,2024-03-05
2024-02-12,EARL BLUMENAUER,B000574,2024-03-02,QCOM,PURCHASE,8000.5,REPRESENTATIVES,1001.0,D,2024-03-05
2024-02-12,EARL BLUMENAUER,B000574,2024-03-02,UL,SALE,8000.5,REPRESENTATIVES,1001.0,D,2024-03-05
2024-02-12,EARL BLUMENAUER,B000574,2024-03-02,PFE,PURCHASE,8000.5,REPRESENTATIVES,1001.0,D,2024-03-05
2024-02-12,JOSH GOTTHEIMER,G000583,2024-03-07,CTSH,SALE,8000.5,REPRESENTATIVES,1001.0,D,2024-03-08
2024-02-13,JOSH GOTTHEIMER,G000583,2024-03-07,TEX,SALE,8000.5,REPRESENTATIVES,1001.0,D,2024-03-08
2024-02-13,JARED MOSKOWITZ,M001217,2024-08-21,SO,SALE,8000.5,REPRESENTATIVES,1001.0,D,2024-08-22
2024-02-13,JARED MOSKOWITZ,M001217,2024-08-21,NEE,SALE,8000.5,REPRESENTATIVES,1001.0,D,2024-08-22
2024-02-13,JARED MOSKOWITZ,M001217,2024-08-21,RPM,PURCHASE,8000.5,REPRESENTATIVES,1001.0,D,2024-08-22
2024-02-13,JARED MOSKOWITZ,M001217,2024-08-21,UNH,PURCHASE,8000.5,REPRESENTATIVES,1001.0,D,2024-08-22
2024-02-13,JOSH GOTTHEIMER,G000583,2024-03-07,DBSDY,PURCHASE,8000.5,REPRESENTATIVES,1001.0,D,2024-03-08
2024-02-13,JARED MOSKOWITZ,M001217,2024-08-21,LMT,PURCHASE,8000.5,REPRESENTATIVES,1001.0,D,2024-08-22
2024-02-13,JARED MOSKOWITZ,M001217,2024-08-21,GOOG,PURCHASE,8000.5,REPRESENTATIVES,1001.0,D,2024-08-22
2024-02-13,JARED MOSKOWITZ,M001217,2024-08-21,TMUS,PURCHASE,8000.5,REPRESENTATIVES,1001.0,D,2024-08-22
2024-02-13,JARED MOSKOWITZ,M001217,2024-08-21,SPGI,PURCHASE,8000.5,REPRESENTATIVES,1001.0,D,2024-08-22
2024-02-13,JARED MOSKOWITZ,M001217,2024-08-21,AAPL,PURCHASE,8000.5,REPRESENTATIVES,1001.0,D,2024-08-22
2024-02-13,JOSH GOTTHEIMER,G000583,2024-03-07,CHRD,PURCHASE,8000.5,REPRESENTATIVES,1001.0,D,2024-03-08
2024-02-13,JARED MOSKOWITZ,M001217,2024-08-21,ELV,PURCHASE,8000.5,REPRESENTATIVES,1001.0,D,2024-08-22
2024-02-15,LLOYD DOGGETT,D000399,2024-03-05,PG,PURCHASE,8000.5,REPRESENTATIVES,1001.0,D,2024-03-06
2024-02-15,EARL BLUMENAUER,B000574,2024-03-12,NWN,PURCHASE,8000.5,REPRESENTATIVES,1001.0,D,2024-03-13
2024-02-16,THOMAS R. CARPER,C000174,2024-03-04,TGT,PURCHASE,8000.5,SENATE,1001.0,D,2024-03-04
2024-02-16,THOMAS R. CARPER,C000174,2024-03-04,EQNR,SALE (FULL),8000.5,SENATE,1001.0,D,2024-03-04
2024-02-21,JOSH GOTTHEIMER,G000583,2024-03-07,PANW,SALE,8000.5,REPRESENTATIVES,1001.0,D,2024-03-08
2024-02-22,JOSH GOTTHEIMER,G000583,2024-03-07,AMD,PURCHASE,8000.5,REPRESENTATIVES,1001.0,D,2024-03-08
2024-02-26,JOSH GOTTHEIMER,G000583,2024-03-07,LRLCY,PURCHASE,8000.5,REPRESENTATIVES,1001.0,D,2024-03-08
2024-02-28,WILLIAM R. KEATING,K000375,2024-03-12,URI,SALE,8000.5,REPRESENTATIVES,1001.0,D,2024-03-13
2024-02-28,WILLIAM R. KEATING,K000375,2024-03-12,BA,SALE,8000.5,REPRESENTATIVES,1001.0,D,2024-03-13
2024-02-28,WILLIAM R. KEATING,K000375,2024-03-12,TDG,PURCHASE,8000.5,REPRESENTATIVES,1001.0,D,2024-03-13
2024-02-29,JOSH GOTTHEIMER,G000583,2024-03-07,FCX,SALE,8000.5,REPRESENTATIVES,1001.0,D,2024-03-08
2024-03-01,KATHERINE M. CLARK,C001101,2024-04-04,NYCB,SALE,8000.5,REPRESENTATIVES,1001.0,D,2024-04-05
2024-03-01,JOSH GOTTHEIMER,G000583,2024-04-07,HCA,SALE,8000.5,REPRESENTATIVES,1001.0,D,2024-04-08
2024-03-05,LLOYD DOGGETT,D000399,2024-04-09,JNJ,PURCHASE,8000.5,REPRESENTATIVES,1001.0,D,2024-04-10
2024-03-07,JOSH GOTTHEIMER,G000583,2024-04-07,CBZ,SALE,8000.5,REPRESENTATIVES,1001.0,D,2024-04-08
2024-03-07,JOSH GOTTHEIMER,G000583,2024-04-07,DHI,PURCHASE,8000.5,REPRESENTATIVES,1001.0,D,2024-04-08
2024-03-07,THOMAS R. CARPER,C000174,2024-03-29,AAPL,SALE (PARTIAL),8000.5,SENATE,1001.0,D,2024-03-29
2024-03-07,THOMAS R. CARPER,C000174,2024-03-29,NVDA,PURCHASE,8000.5,SENATE,1001.0,D,2024-03-29
2024-03-07,JOSH GOTTHEIMER,G000583,2024-04-07,PWP,PURCHASE,8000.5,REPRESENTATIVES,1001.0,D,2024-04-08
2024-03-11,THOMAS R. CARPER,C000174,2024-03-29,ETRN,SALE (FULL),8000.5,SENATE,1001.0,D,2024-03-29
2024-03-11,LLOYD DOGGETT,D000399,2024-04-09,IBM,PURCHASE,8000.5,REPRESENTATIVES,1001.0,D,2024-04-10
2024-03-12,JOSH GOTTHEIMER,G000583,2024-04-07,BHP,SALE,8000.5,REPRESENTATIVES,1001.0,D,2024-04-08
2024-03-12,JOSH GOTTHEIMER,G000583,2024-04-07,TSM,SALE,8000.5,REPRESENTATIVES,1001.0,D,2024-04-08
2024-03-12,LLOYD DOGGETT,D000399,2024-04-09,PPG,PURCHASE,8000.5,REPRESENTATIVES,1001.0,D,2024-04-10
2024-03-12,JOSH GOTTHEIMER,G000583,2024-04-07,MELI,PURCHASE,8000.5,REPRESENTATIVES,1001.0,D,2024-04-08
2024-03-13,JOSH GOTTHEIMER,G000583,2024-04-07,DASTY,PURCHASE,8000.5,REPRESENTATIVES,1001.0,D,2024-04-08
2024-03-13,JOSH GOTTHEIMER,G000583,2024-04-07,MAR,SALE,8000.5,REPRESENTATIVES,1001.0,D,2024-04-08
2024-03-13,THOMAS R. CARPER,C000174,2024-03-29,SQM,PURCHASE,8000.5,SENATE,1001.0,D,2024-03-29
2024-03-13,THOMAS R. CARPER,C000174,2024-03-29,CEF,SALE (PARTIAL),8000.5,SENATE,1001.0,D,2024-03-29
2024-03-13,JOSH GOTTHEIMER,G000583,2024-04-07,SSDOY,SALE,8000.5,REPRESENTATIVES,1001.0,D,2024-04-08
2024-03-13,JOSH GOTTHEIMER,G000583,2024-04-07,TDG,SALE,8000.5,REPRESENTATIVES,1001.0,D,2024-04-08
2024-03-13,JOSH GOTTHEIMER,G000583,2024-04-07,ADBE,SALE,8000.5,REPRESENTATIVES,1001.0,D,2024-04-08
2024-03-13,JOSH GOTTHEIMER,G000583,2024-04-07,SNPS,SALE,8000.5,REPRESENTATIVES,1001.0,D,2024-04-08
2024-03-13,JOSH GOTTHEIMER,G000583,2024-04-07,CRM,SALE,8000.5,REPRESENTATIVES,1001.0,D,2024-04-08
2024-03-13,THOMAS R. CARPER,C000174,2024-03-29,GLD,SALE (PARTIAL),8000.5,SENATE,1001.0,D,2024-03-29
2024-03-13,JOSH GOTTHEIMER,G000583,2024-04-07,ETN,SALE,8000.5,REPRESENTATIVES,1001.0,D,2024-04-08
2024-03-14,JOSH GOTTHEIMER,G000583,2024-04-07,INTA,SALE,8000.5,REPRESENTATIVES,1001.0,D,2024-04-08
2024-03-14,JOSH GOTTHEIMER,G000583,2024-04-07,BNTX,SALE,8000.5,REPRESENTATIVES,1001.0,D,2024-04-08
2024-03-14,JOSH GOTTHEIMER,G000583,2024-04-07,DAVA,SALE,8000.5,REPRESENTATIVES,1001.0,D,2024-04-08
2024-03-14,JOSH GOTTHEIMER,G000583,2024-04-07,SHLS,SALE,8000.5,REPRESENTATIVES,1001.0,D,2024-04-08
2024-03-14,JOSH GOTTHEIMER,G000583,2024-04-07,HSHCY,SALE,8000.5,REPRESENTATIVES,1001.0,D,2024-04-08
2024-03-14,JOSH GOTTHEIMER,G000583,2024-04-07,FOXF,SALE,8000.5,REPRESENTATIVES,1001.0,D,2024-04-08
2024-03-14,JOSH GOTTHEIMER,G000583,2024-04-07,ADC,SALE,8000.5,REPRESENTATIVES,1001.0,D,2024-04-08
2024-03-14,JOSH GOTTHEIMER,G000583,2024-04-07,DHI,PURCHASE,8000.5,REPRESENTATIVES,1001.0,D,2024-04-08
2024-03-14,JOSH GOTTHEIMER,G000583,2024-04-07,OCFC,SALE,8000.5,REPRESENTATIVES,1001.0,D,2024-04-08
2024-03-15,JOSH GOTTHEIMER,G000583,2024-04-07,MELI,SALE,8000.5,REPRESENTATIVES,1001.0,D,2024-04-08
2024-03-15,JOSH GOTTHEIMER,G000583,2024-04-07,TSLA,SALE,8000.5,REPRESENTATIVES,1001.0,D,2024-04-08
2024-03-15,JOSH GOTTHEIMER,G000583,2024-04-07,ADBE,SALE,8000.5,REPRESENTATIVES,1001.0,D,2024-04-08
2024-03-15,JOSH GOTTHEIMER,G000583,2024-04-07,AMD,PURCHASE,8000.5,REPRESENTATIVES,1001.0,D,2024-04-08
2024-03-15,JOSH GOTTHEIMER,G000583,2024-04-07,AAPL,SALE,8000.5,REPRESENTATIVES,1001.0,D,2024-04-08
2024-03-18,JOSH GOTTHEIMER,G000583,2024-04-07,AMD,PURCHASE,8000.5,REPRESENTATIVES,1001.0,D,2024-04-08
2024-03-18,GERALD E. CONNOLLY,C001078,2024-03-22,D,SALE,8000.5,REPRESENTATIVES,1001.0,D,2024-03-25
2024-03-18,GERALD E. CONNOLLY,C001078,2024-03-22,LDOS,SALE,8000.5,REPRESENTATIVES,1001.0,D,2024-03-25
2024-03-18,GERALD E. CONNOLLY,C001078,2024-03-22,SAIC,SALE,8000.5,REPRESENTATIVES,1001.0,D,2024-03-25
2024-03-21,THOMAS R. CARPER,C000174,2024-03-29,INOD,SALE (FULL),8000.5,SENATE,1001.0,D,2024-03-29
2024-03-21,THOMAS R. CARPER,C000174,2024-03-29,SOFI,SALE (FULL),8000.5,SENATE,1001.0,D,2024-03-29
2024-03-21,JOSH GOTTHEIMER,G000583,2024-04-07,SQ,PURCHASE,8000.5,REPRESENTATIVES,1001.0,D,2024-04-08
2024-03-21,THOMAS R. CARPER,C000174,2024-03-29,ALTM,PURCHASE,8000.5,SENATE,1001.0,D,2024-03-29
2024-03-21,LLOYD DOGGETT,D000399,2024-04-09,HD,PURCHASE,8000.5,REPRESENTATIVES,1001.0,D,2024-04-10
2024-03-22,SHELDON WHITEHOUSE,W000802,2024-04-24,UL,SALE (FULL),8000.5,SENATE,1001.0,D,2024-04-25
2024-03-22,JOSH GOTTHEIMER,G000583,2024-04-07,AAPL,SALE,8000.5,REPRESENTATIVES,1001.0,D,2024-04-08
2024-03-26,JOSH GOTTHEIMER,G000583,2024-04-07,XNGSY,PURCHASE,8000.5,REPRESENTATIVES,1001.0,D,2024-04-08
2024-03-28,THOMAS R. CARPER,C000174,2024-03-29,D,PURCHASE,8000.5,SENATE,1001.0,D,2024-03-29
2024-03-28,THOMAS R. CARPER,C000174,2024-03-29,MOS,SALE (FULL),8000.5,SENATE,1001.0,D,2024-03-29
2024-03-28,THOMAS R. CARPER,C000174,2024-03-29,NTR,PURCHASE,8000.5,SENATE,1001.0,D,2024-03-29
2024-04-01,LLOYD DOGGETT,D000399,2024-05-06,KO,PURCHASE,8000.5,REPRESENTATIVES,1001.0,D,2024-05-07
2024-04-02,SHRI THANEDAR,T000488,2024-05-15,AMZN,SALE,8000.5,REPRESENTATIVES,1001.0,D,2024-05-16
2024-04-02,SHRI THANEDAR,T000488,2024-05-15,BRK.B,SALE,8000.5,REPRESENTATIVES,1001.0,D,2024-05-16
2024-04-02,SHRI THANEDAR,T000488,2024-05-15,GOOGL,SALE,8000.5,REPRESENTATIVES,1001.0,D,2024-05-16
2024-04-02,SHRI THANEDAR,T000488,2024-05-15,GOOG,SALE,8000.5,REPRESENTATIVES,1001.0,D,2024-05-16
2024-04-02,SHRI THANEDAR,T000488,2024-05-15,MSFT,SALE,8000.5,REPRESENTATIVES,1001.0,D,2024-05-16
2024-04-04,EARL BLUMENAUER,B000574,2024-05-04,DGX,SALE,8000.5,REPRESENTATIVES,1001.0,D,2024-05-06
2024-04-04,EARL BLUMENAUER,B000574,2024-05-04,KR,SALE,8000.5,REPRESENTATIVES,1001.0,D,2024-05-06
2024-04-04,EARL BLUMENAUER,B000574,2024-05-04,CAT,SALE,8000.5,REPRESENTATIVES,1001.0,D,2024-05-06
2024-04-04,JOSH GOTTHEIMER,G000583,2024-05-15,CHGCY,SALE,8000.5,REPRESENTATIVES,1001.0,D,2024-05-16
2024-04-04,EARL BLUMENAUER,B000574,2024-05-04,ERJ,SALE,8000.5,REPRESENTATIVES,1001.0,D,2024-05-06
2024-04-04,ELEANOR HOLMES NORTON,N000147,2024-04-15,BRK.B,SALE,8000.5,REPRESENTATIVES,1001.0,D,2024-04-16
2024-04-04,EARL BLUMENAUER,B000574,2024-05-04,BX,SALE,8000.5,REPRESENTATIVES,1001.0,D,2024-05-06
2024-04-04,RICK LARSEN,L000560,2024-04-10,FDX,PURCHASE,8000.5,REPRESENTATIVES,1001.0,D,2024-04-11
2024-04-04,EARL BLUMENAUER,B000574,2024-05-04,MGA,SALE,8000.5,REPRESENTATIVES,1001.0,D,2024-05-06
2024-04-04,EARL BLUMENAUER,B000574,2024-05-04,V,PURCHASE,8000.5,REPRESENTATIVES,1001.0,D,2024-05-06
2024-04-04,EARL BLUMENAUER,B000574,2024-05-04,RTX,PURCHASE,8000.5,REPRESENTATIVES,1001.0,D,2024-05-06
2024-04-04,RICK LARSEN,L000560,2024-04-10,UPS,SALE,8000.5,REPRESENTATIVES,1001.0,D,2024-04-11
2024-04-05,JOSH GOTTHEIMER,G000583,2024-05-15,FNA,PURCHASE,8000.5,REPRESENTATIVES,1001.0,D,2024-05-16
2024-04-05,JOSH GOTTHEIMER,G000583,2024-05-15,IART,SALE,8000.5,REPRESENTATIVES,1001.0,D,2024-05-16
2024-04-05,JOSH GOTTHEIMER,G000583,2024-05-15,FAST,SALE,8000.5,REPRESENTATIVES,1001.0,D,2024-05-16
2024-04-08,ELEANOR HOLMES NORTON,N000147,2024-05-13,BRK.B,SALE,8000.5,REPRESENTATIVES,1001.0,D,2024-05-14
2024-04-09,SHELDON WHITEHOUSE,W000802,2024-05-20,NVS,SALE (PARTIAL),8000.5,SENATE,1001.0,D,2024-05-20
2024-04-09,SHELDON WHITEHOUSE,W000802,2024-05-20,IR,SALE (FULL),8000.5,SENATE,1001.0,D,2024-05-20
2024-04-09,SHELDON WHITEHOUSE,W000802,2024-05-20,UL,SALE (FULL),8000.5,SENATE,1001.0,D,2024-05-20
2024-04-10,JOSH GOTTHEIMER,G000583,2024-05-15,NSRGY,PURCHASE,8000.5,REPRESENTATIVES,1001.0,D,2024-05-16
2024-04-11,THOMAS R. CARPER,C000174,2024-04-30,VLO,SALE (PARTIAL),8000.5,SENATE,1001.0,D,2024-04-30
2024-04-11,THOMAS R. CARPER,C000174,2024-04-30,ENB,PURCHASE,8000.5,SENATE,1001.0,D,2024-04-30
2024-04-12,GREG LANDSMAN,L000601,2024-08-14,AMZN,PURCHASE,8000.5,REPRESENTATIVES,1001.0,D,2024-08-15
2024-04-12,GREG LANDSMAN,L000601,2024-08-14,CDNS,SALE,8000.5,REPRESENTATIVES,1001.0,D,2024-08-15
2024-04-15,JOSH GOTTHEIMER,G000583,2024-05-15,OCFC,PURCHASE,8000.5,REPRESENTATIVES,1001.0,D,2024-05-16
2024-04-15,JOSH GOTTHEIMER,G000583,2024-05-15,ADC,PURCHASE,8000.5,REPRESENTATIVES,1001.0,D,2024-05-16
2024-04-15,JOSH GOTTHEIMER,G000583,2024-05-15,DAVA,PURCHASE,8000.5,REPRESENTATIVES,1001.0,D,2024-05-16
2024-04-15,JOSH GOTTHEIMER,G000583,2024-05-15,FOXF,PURCHASE,8000.5,REPRESENTATIVES,1001.0,D,2024-05-16
2024-04-15,JOSH GOTTHEIMER,G000583,2024-05-15,SHLS,PURCHASE,8000.5,REPRESENTATIVES,1001.0,D,2024-05-16
2024-04-15,JOSH GOTTHEIMER,G000583,2024-05-15,BNTX,PURCHASE,8000.5,REPRESENTATIVES,1001.0,D,2024-05-16
2024-04-15,JOSH GOTTHEIMER,G000583,2024-05-15,INTA,PURCHASE,8000.5,REPRESENTATIVES,1001.0,D,2024-05-16
2024-04-16,JOSH GOTTHEIMER,G000583,2024-05-15,ZTO,PURCHASE,8000.5,REPRESENTATIVES,1001.0,D,2024-05-16
2024-04-17,DEBORAH ROSS,R000305,2024-05-05,MSFT,SALE,8000.5,REPRESENTATIVES,1001.0,D,2024-05-06
2024-04-17,JOSH GOTTHEIMER,G000583,2024-05-15,ZTO,PURCHASE,8000.5,REPRESENTATIVES,1001.0,D,2024-05-16
2024-04-24,JOSH GOTTHEIMER,G000583,2024-05-15,TSLA,PURCHASE,8000.5,REPRESENTATIVES,1001.0,D,2024-05-16
2024-04-24,JOSH GOTTHEIMER,G000583,2024-05-15,UBER,SALE,8000.5,REPRESENTATIVES,1001.0,D,2024-05-16
2024-04-25,JOSH GOTTHEIMER,G000583,2024-05-15,HLMN,PURCHASE,8000.5,REPRESENTATIVES,1001.0,D,2024-05-16
2024-04-25,JOSH GOTTHEIMER,G000583,2024-05-15,TEX,SALE,8000.5,REPRESENTATIVES,1001.0,D,2024-05-16
2024-04-26,JOSH GOTTHEIMER,G000583,2024-05-15,GOOG,PURCHASE,8000.5,REPRESENTATIVES,1001.0,D,2024-05-16
2024-04-29,JOSH GOTTHEIMER,G000583,2024-05-15,CTSH,SALE,8000.5,REPRESENTATIVES,1001.0,D,2024-05-16
2024-04-29,JOSH GOTTHEIMER,G000583,2024-05-15,ADBE,SALE,8000.5,REPRESENTATIVES,1001.0,D,2024-05-16
2024-04-29,JOSH GOTTHEIMER,G000583,2024-05-15,FCX,PURCHASE,8000.5,REPRESENTATIVES,1001.0,D,2024-05-16
2024-04-29,JOSH GOTTHEIMER,G000583,2024-05-15,GOOG,PURCHASE,8000.5,REPRESENTATIVES,1001.0,D,2024-05-16
2024-04-29,JOSH GOTTHEIMER,G000583,2024-05-15,SHOP,SALE,8000.5,REPRESENTATIVES,1001.0,D,2024-05-16
2024-04-29,JOSH GOTTHEIMER,G000583,2024-05-15,VRT,PURCHASE,8000.5,REPRESENTATIVES,1001.0,D,2024-05-16
2024-04-29,JOSH GOTTHEIMER,G000583,2024-05-15,WDAY,SALE,8000.5,REPRESENTATIVES,1001.0,D,2024-05-16
2024-04-29,JOSH GOTTHEIMER,G000583,2024-05-15,TSLA,PURCHASE,8000.5,REPRESENTATIVES,1001.0,D,2024-05-16
2024-04-29,JOSH GOTTHEIMER,G000583,2024-05-15,FICO,PURCHASE,8000.5,REPRESENTATIVES,1001.0,D,2024-05-16
2024-04-30,JOSH GOTTHEIMER,G000583,2024-05-15,TCEHY,PURCHASE,8000.5,REPRESENTATIVES,1001.0,D,2024-05-16
2024-05-01,JOSH GOTTHEIMER,G000583,2024-06-08,MELI,SALE,8000.5,REPRESENTATIVES,1001.0,D,2024-06-10
2024-05-01,JOSH GOTTHEIMER,G000583,2024-06-08,LOW,SALE,8000.5,REPRESENTATIVES,1001.0,D,2024-06-10
2024-05-01,JOSH GOTTHEIMER,G000583,2024-06-08,TSLA,PURCHASE,8000.5,REPRESENTATIVES,1001.0,D,2024-06-10
2024-05-02,GREG LANDSMAN,L000601,2024-08-14,CRWD,SALE,8000.5,REPRESENTATIVES,1001.0,D,2024-08-15
2024-05-02,GREG LANDSMAN,L000601,2024-08-14,PH,PURCHASE,8000.5,REPRESENTATIVES,1001.0,D,2024-08-15
2024-05-02,JOSH GOTTHEIMER,G000583,2024-06-08,SSMXY,PURCHASE,8000.5,REPRESENTATIVES,1001.0,D,2024-06-10
2024-05-03,JOSH GOTTHEIMER,G000583,2024-06-08,GOOG,PURCHASE,8000.5,REPRESENTATIVES,1001.0,D,2024-06-10
2024-05-06,JOSH GOTTHEIMER,G000583,2024-06-08,ALG,SALE,8000.5,REPRESENTATIVES,1001.0,D,2024-06-10
2024-05-06,JOSH GOTTHEIMER,G000583,2024-06-08,SSMXY,PURCHASE,8000.5,REPRESENTATIVES,1001.0,D,2024-06-10
2024-05-06,JOSH GOTTHEIMER,G000583,2024-06-08,TXRH,SALE,8000.5,REPRESENTATIVES,1001.0,D,2024-06-10
2024-05-06,JOSH GOTTHEIMER,G000583,2024-06-08,LOPE,PURCHASE,8000.5,REPRESENTATIVES,1001.0,D,2024-06-10
2024-05-07,JOSH GOTTHEIMER,G000583,2024-06-08,UBER,SALE,8000.5,REPRESENTATIVES,1001.0,D,2024-06-10
2024-05-09,THOMAS R. CARPER,C000174,2024-06-03,SBUX,SALE (FULL),8000.5,SENATE,1001.0,D,2024-06-03
2024-05-09,THOMAS R. CARPER,C000174,2024-06-03,TTE,SALE (FULL),8000.5,SENATE,1001.0,D,2024-06-03
2024-05-09,THOMAS R. CARPER,C000174,2024-06-03,EMR,PURCHASE,8000.5,SENATE,1001.0,D,2024-06-03
2024-05-09,THOMAS R. CARPER,C000174,2024-06-03,OXY,PURCHASE,8000.5,SENATE,1001.0,D,2024-06-03
2024-05-09,JOSH GOTTHEIMER,G000583,2024-06-08,SWTX,PURCHASE,8000.5,REPRESENTATIVES,1001.0,D,2024-06-10
2024-05-09,THOMAS R. CARPER,C000174,2024-06-03,ATKR,SALE (FULL),8000.5,SENATE,1001.0,D,2024-06-03
2024-05-09,JOSH GOTTHEIMER,G000583,2024-06-08,INTA,PURCHASE,8000.5,REPRESENTATIVES,1001.0,D,2024-06-10
2024-05-10,JOSH GOTTHEIMER,G000583,2024-06-08,EXAS,SALE,8000.5,REPRESENTATIVES,1001.0,D,2024-06-10
2024-05-10,SHELDON WHITEHOUSE,W000802,2024-06-06,CCI,PURCHASE,8000.5,SENATE,1001.0,D,2024-06-06
2024-05-10,SUSIE LEE,L000590,2024-05-24,RNMBY,PURCHASE,8000.5,REPRESENTATIVES,1001.0,D,2024-05-27
2024-05-10,JOSH GOTTHEIMER,G000583,2024-06-08,KKR,PURCHASE,8000.5,REPRESENTATIVES,1001.0,D,2024-06-10
2024-05-14,GARY PETERS,P000595,2024-05-23,CCL,SALE (FULL),8000.5,SENATE,1001.0,D,2024-05-24
2024-05-14,THOMAS R. CARPER,C000174,2024-06-03,MOO,SALE (FULL),8000.5,SENATE,1001.0,D,2024-06-03
2024-05-14,THOMAS R. CARPER,C000174,2024-06-03,SRVR,PURCHASE,8000.5,SENATE,1001.0,D,2024-06-03
2024-05-14,GARY PETERS,P000595,2024-05-23,SLB,SALE (FULL),8000.5,SENATE,1001.0,D,2024-05-24
2024-05-14,GARY PETERS,P000595,2024-05-23,SOLV,SALE (FULL),8000.5,SENATE,1001.0,D,2024-05-24
2024-05-15,THOMAS R. CARPER,C000174,2024-06-03,SMDV,SALE (FULL),8000.5,SENATE,1001.0,D,2024-06-03
2024-05-15,JOSH GOTTHEIMER,G000583,2024-06-08,RPD,SALE,8000.5,REPRESENTATIVES,1001.0,D,2024-06-10
2024-05-15,GREG LANDSMAN,L000601,2024-08-14,COST,PURCHASE,8000.5,REPRESENTATIVES,1001.0,D,2024-08-15
2024-05-15,LLOYD DOGGETT,D000399,2024-06-05,PG,PURCHASE,8000.5,REPRESENTATIVES,1001.0,D,2024-06-06
2024-05-15,GREG LANDSMAN,L000601,2024-08-14,UBER,SALE,8000.5,REPRESENTATIVES,1001.0,D,2024-08-15
2024-05-15,THOMAS R. CARPER,C000174,2024-06-03,CALF,PURCHASE,8000.5,SENATE,1001.0,D,2024-06-03
2024-05-15,EARL BLUMENAUER,B000574,2024-06-06,NWN,PURCHASE,8000.5,REPRESENTATIVES,1001.0,D,2024-06-07
2024-05-16,THOMAS R. CARPER,C000174,2024-06-03,PRF,SALE (FULL),8000.5,SENATE,1001.0,D,2024-06-03
2024-05-16,THOMAS R. CARPER,C000174,2024-06-03,VEA,PURCHASE,8000.5,SENATE,1001.0,D,2024-06-03
2024-05-16,THOMAS R. CARPER,C000174,2024-06-03,ICOW,PURCHASE,8000.5,SENATE,1001.0,D,2024-06-03
2024-05-16,THOMAS R. CARPER,C000174,2024-06-03,VIG,PURCHASE,8000.5,SENATE,1001.0,D,2024-06-03
2024-05-16,THOMAS R. CARPER,C000174,2024-06-03,COWZ,PURCHASE,8000.5,SENATE,1001.0,D,2024-06-03
2024-05-16,THOMAS R. CARPER,C000174,2024-06-03,EFAD,SALE (FULL),8000.5,SENATE,1001.0,D,2024-06-03
2024-05-16,THOMAS R. CARPER,C000174,2024-06-03,FDRR,SALE (PARTIAL),8000.5,SENATE,1001.0,D,2024-06-03
2024-05-16,DEBBIE WASSERMAN SCHULTZ,W000797,2024-06-10,PERI,PURCHASE,8000.5,REPRESENTATIVES,1001.0,D,2024-06-11
2024-05-17,WILLIAM R. KEATING,K000375,2024-05-22,ACN,SALE,8000.5,REPRESENTATIVES,1001.0,D,2024-05-23
2024-05-17,WILLIAM R. KEATING,K000375,2024-05-22,AZO,SALE,8000.5,REPRESENTATIVES,1001.0,D,2024-05-23
2024-05-17,WILLIAM R. KEATING,K000375,2024-05-22,ABNB,SALE,8000.5,REPRESENTATIVES,1001.0,D,2024-05-23
2024-05-17,WILLIAM R. KEATING,K000375,2024-05-22,GOOGL,SALE,8000.5,REPRESENTATIVES,1001.0,D,2024-05-23
2024-05-17,WILLIAM R. KEATING,K000375,2024-05-22,CVS,SALE,8000.5,REPRESENTATIVES,1001.0,D,2024-05-23
2024-05-17,WILLIAM R. KEATING,K000375,2024-05-22,MSFT,SALE,8000.5,REPRESENTATIVES,1001.0,D,2024-05-23
2024-05-17,WILLIAM R. KEATING,K000375,2024-05-22,J,SALE,8000.5,REPRESENTATIVES,1001.0,D,2024-05-23
2024-05-17,WILLIAM R. KEATING,K000375,2024-05-22,LOW,SALE,8000.5,REPRESENTATIVES,1001.0,D,2024-05-23
2024-05-17,JOSH GOTTHEIMER,G000583,2024-06-08,CLPBY,PURCHASE,8000.5,REPRESENTATIVES,1001.0,D,2024-06-10
2024-05-20,JOSH GOTTHEIMER,G000583,2024-06-08,MNST,SALE,8000.5,REPRESENTATIVES,1001.0,D,2024-06-10
2024-05-20,JOSH GOTTHEIMER,G000583,2024-06-08,BKNG,PURCHASE,8000.5,REPRESENTATIVES,1001.0,D,2024-06-10
2024-05-20,JOSH GOTTHEIMER,G000583,2024-06-08,ALGN,SALE,8000.5,REPRESENTATIVES,1001.0,D,2024-06-10
2024-05-20,JOSH GOTTHEIMER,G000583,2024-06-08,HLN,PURCHASE,8000.5,REPRESENTATIVES,1001.0,D,2024-06-10
2024-05-20,JOSH GOTTHEIMER,G000583,2024-06-08,BX,SALE,8000.5,REPRESENTATIVES,1001.0,D,2024-06-10
2024-05-22,JOSH GOTTHEIMER,G000583,2024-06-08,NTDOY,PURCHASE,8000.5,REPRESENTATIVES,1001.0,D,2024-06-10
2024-05-22,STEPHEN F. LYNCH,L000562,2024-05-23,NVDA,PURCHASE,8000.5,REPRESENTATIVES,1001.0,D,2024-05-24
2024-05-22,JOSH GOTTHEIMER,G000583,2024-06-08,UMBF,PURCHASE,8000.5,REPRESENTATIVES,1001.0,D,2024-06-10
2024-05-22,THOMAS R. CARPER,C000174,2024-06-03,TGT,PURCHASE,8000.5,SENATE,1001.0,D,2024-06-03
2024-05-23,JOSH GOTTHEIMER,G000583,2024-06-08,META,SALE,8000.5,REPRESENTATIVES,1001.0,D,2024-06-10
2024-05-28,JOSH GOTTHEIMER,G000583,2024-06-08,INSM,SALE,8000.5,REPRESENTATIVES,1001.0,D,2024-06-10
2024-05-29,JOSH GOTTHEIMER,G000583,2024-06-08,BWIN,PURCHASE,8000.5,REPRESENTATIVES,1001.0,D,2024-06-10
2024-05-29,GREG LANDSMAN,L000601,2024-08-14,GOOGL,SALE,8000.5,REPRESENTATIVES,1001.0,D,2024-08-15
2024-05-29,GREG LANDSMAN,L000601,2024-08-14,XOM,SALE,8000.5,REPRESENTATIVES,1001.0,D,2024-08-15
2024-05-29,GREG LANDSMAN,L000601,2024-08-14,AAPL,SALE,8000.5,REPRESENTATIVES,1001.0,D,2024-08-15
2024-05-29,GREG LANDSMAN,L000601,2024-08-14,VLTO,SALE,8000.5,REPRESENTATIVES,1001.0,D,2024-08-15
2024-05-29,JOSH GOTTHEIMER,G000583,2024-06-08,AMSF,SALE,8000.5,REPRESENTATIVES,1001.0,D,2024-06-10
2024-05-29,GREG LANDSMAN,L000601,2024-08-14,MSFT,SALE,8000.5,REPRESENTATIVES,1001.0,D,2024-08-15
2024-05-30,JOSH GOTTHEIMER,G000583,2024-06-08,CRM,SALE,8000.5,REPRESENTATIVES,1001.0,D,2024-06-10
2024-05-31,MORGAN MCGARVEY,M001220,2024-07-03,NVDA,PURCHASE,8000.5,REPRESENTATIVES,1001.0,D,2024-07-04
2024-06-03,GREG LANDSMAN,L000601,2024-08-14,PH,PURCHASE,8000.5,REPRESENTATIVES,1001.0,D,2024-08-15
2024-06-03,GREG LANDSMAN,L000601,2024-08-14,LLY,SALE,8000.5,REPRESENTATIVES,1001.0,D,2024-08-15
2024-06-03,GREG LANDSMAN,L000601,2024-08-14,NVDA,SALE,8000.5,REPRESENTATIVES,1001.0,D,2024-08-15
2024-06-03,GREG LANDSMAN,L000601,2024-08-14,AMZN,PURCHASE,8000.5,REPRESENTATIVES,1001.0,D,2024-08-15
2024-06-03,GREG LANDSMAN,L000601,2024-08-14,URI,PURCHASE,8000.5,REPRESENTATIVES,1001.0,D,2024-08-15
2024-06-04,LLOYD DOGGETT,D000399,2024-07-03,JNJ,PURCHASE,8000.5,REPRESENTATIVES,1001.0,D,2024-07-04
2024-06-04,ABIGAIL SPANBERGER,S001209,2024-06-05,LHX,SALE,8000.5,REPRESENTATIVES,1001.0,D,2024-06-06
2024-06-06,MORGAN MCGARVEY,M001220,2024-07-03,IBKR,PURCHASE,8000.5,REPRESENTATIVES,1001.0,D,2024-07-04
2024-06-06,JOSH GOTTHEIMER,G000583,2024-07-09,BOOT,SALE,8000.5,REPRESENTATIVES,1001.0,D,2024-07-10
2024-06-07,JOSH GOTTHEIMER,G000583,2024-07-09,MAR,SALE,8000.5,REPRESENTATIVES,1001.0,D,2024-07-10
2024-06-10,LLOYD DOGGETT,D000399,2024-07-03,IBM,PURCHASE,8000.5,REPRESENTATIVES,1001.0,D,2024-07-04
2024-06-12,LLOYD DOGGETT,D000399,2024-07-03,PPG,PURCHASE,8000.5,REPRESENTATIVES,1001.0,D,2024-07-04
2024-06-12,JOSH GOTTHEIMER,G000583,2024-07-09,IFNNY,SALE,8000.5,REPRESENTATIVES,1001.0,D,2024-07-10
2024-06-12,JOSH GOTTHEIMER,G000583,2024-07-09,GBOOY,PURCHASE,8000.5,REPRESENTATIVES,1001.0,D,2024-07-10
2024-06-12,DEBBIE DINGELL,D000624,2024-06-24,AAPL,SALE,8000.5,REPRESENTATIVES,1001.0,D,2024-06-25
2024-06-13,JOSH GOTTHEIMER,G000583,2024-07-09,ADBE,SALE,8000.5,REPRESENTATIVES,1001.0,D,2024-07-10
2024-06-13,SHELDON WHITEHOUSE,W000802,2024-07-16,HD,PURCHASE,8000.5,SENATE,1001.0,D,2024-07-16
2024-06-13,LLOYD DOGGETT,D000399,2024-07-03,HD,PURCHASE,8000.5,REPRESENTATIVES,1001.0,D,2024-07-04
2024-06-13,KATHY MANNING,M001135,2024-07-06,WU,SALE,8000.5,REPRESENTATIVES,1001.0,D,2024-07-08
2024-06-13,SHELDON WHITEHOUSE,W000802,2024-07-16,MSFT,PURCHASE,8000.5,SENATE,1001.0,D,2024-07-16
2024-06-14,JOSH GOTTHEIMER,G000583,2024-07-09,PYCR,SALE,8000.5,REPRESENTATIVES,1001.0,D,2024-07-10
2024-06-18,JOSH GOTTHEIMER,G000583,2024-07-09,PPBI,SALE,8000.5,REPRESENTATIVES,1001.0,D,2024-07-10
2024-06-18,JOSH GOTTHEIMER,G000583,2024-07-09,DEO,SALE,8000.5,REPRESENTATIVES,1001.0,D,2024-07-10
2024-06-18,JOSH GOTTHEIMER,G000583,2024-07-09,SWTX,SALE,8000.5,REPRESENTATIVES,1001.0,D,2024-07-10
2024-06-18,JOSH GOTTHEIMER,G000583,2024-07-09,FLYW,SALE,8000.5,REPRESENTATIVES,1001.0,D,2024-07-10
2024-06-18,JOSH GOTTHEIMER,G000583,2024-07-09,GMAB,SALE,8000.5,REPRESENTATIVES,1001.0,D,2024-07-10
2024-06-18,JOSH GOTTHEIMER,G000583,2024-07-09,IART,SALE,8000.5,REPRESENTATIVES,1001.0,D,2024-07-10
2024-06-18,JOSH GOTTHEIMER,G000583,2024-07-09,VIAV,SALE,8000.5,REPRESENTATIVES,1001.0,D,2024-07-10
2024-06-18,JOSH GOTTHEIMER,G000583,2024-07-09,AMD,SALE,8000.5,REPRESENTATIVES,1001.0,D,2024-07-10
2024-06-18,JOSH GOTTHEIMER,G000583,2024-07-09,SGIOY,SALE,8000.5,REPRESENTATIVES,1001.0,D,2024-07-10
2024-06-18,JOSH GOTTHEIMER,G000583,2024-07-09,FCX,SALE,8000.5,REPRESENTATIVES,1001.0,D,2024-07-10
2024-06-18,JOSH GOTTHEIMER,G000583,2024-07-09,ALGT,SALE,8000.5,REPRESENTATIVES,1001.0,D,2024-07-10
2024-06-18,JOSH GOTTHEIMER,G000583,2024-07-09,SBUX,SALE,8000.5,REPRESENTATIVES,1001.0,D,2024-07-10
2024-06-18,JOSH GOTTHEIMER,G000583,2024-07-09,XP,SALE,8000.5,REPRESENTATIVES,1001.0,D,2024-07-10
2024-06-18,JOSH GOTTHEIMER,G000583,2024-07-09,SQ,SALE,8000.5,REPRESENTATIVES,1001.0,D,2024-07-10
2024-06-18,JOSH GOTTHEIMER,G000583,2024-07-09,ABEV,SALE,8000.5,REPRESENTATIVES,1001.0,D,2024-07-10
2024-06-18,JOSH GOTTHEIMER,G000583,2024-07-09,SONY,SALE,8000.5,REPRESENTATIVES,1001.0,D,2024-07-10
2024-06-18,JOSH GOTTHEIMER,G000583,2024-07-09,DASTY,SALE,8000.5,REPRESENTATIVES,1001.0,D,2024-07-10
2024-06-18,JOSH GOTTHEIMER,G000583,2024-07-09,NOC,SALE,8000.5,REPRESENTATIVES,1001.0,D,2024-07-10
2024-06-18,JOSH GOTTHEIMER,G000583,2024-07-09,ATRC,SALE,8000.5,REPRESENTATIVES,1001.0,D,2024-07-10
2024-06-18,JOSH GOTTHEIMER,G000583,2024-07-09,DAVA,SALE,8000.5,REPRESENTATIVES,1001.0,D,2024-07-10
2024-06-18,JOSH GOTTHEIMER,G000583,2024-07-09,SHLS,SALE,8000.5,REPRESENTATIVES,1001.0,D,2024-07-10
2024-06-18,JOSH GOTTHEIMER,G000583,2024-07-09,DHI,SALE,8000.5,REPRESENTATIVES,1001.0,D,2024-07-10
2024-06-21,JOSH GOTTHEIMER,G000583,2024-07-09,SYIEY,SALE,8000.5,REPRESENTATIVES,1001.0,D,2024-07-10
2024-06-21,JOSH GOTTHEIMER,G000583,2024-07-09,LIN,SALE,8000.5,REPRESENTATIVES,1001.0,D,2024-07-10
2024-06-21,JOSH GOTTHEIMER,G000583,2024-07-09,LRLCY,SALE,8000.5,REPRESENTATIVES,1001.0,D,2024-07-10
2024-06-21,JOSH GOTTHEIMER,G000583,2024-07-09,BRK.B,SALE,8000.5,REPRESENTATIVES,1001.0,D,2024-07-10
2024-06-21,JOSH GOTTHEIMER,G000583,2024-07-09,INSM,SALE,8000.5,REPRESENTATIVES,1001.0,D,2024-07-10
2024-06-21,JOSH GOTTHEIMER,G000583,2024-07-09,APPF,SALE,8000.5,REPRESENTATIVES,1001.0,D,2024-07-10
2024-06-21,JOSH GOTTHEIMER,G000583,2024-07-09,FIS,SALE,8000.5,REPRESENTATIVES,1001.0,D,2024-07-10
2024-06-21,JOSH GOTTHEIMER,G000583,2024-07-09,TXRH,SALE,8000.5,REPRESENTATIVES,1001.0,D,2024-07-10
2024-06-21,JOSH GOTTHEIMER,G000583,2024-07-09,XNGSY,SALE,8000.5,REPRESENTATIVES,1001.0,D,2024-07-10
2024-06-21,JOSH GOTTHEIMER,G000583,2024-07-09,JNJ,SALE,8000.5,REPRESENTATIVES,1001.0,D,2024-07-10
2024-06-21,JOSH GOTTHEIMER,G000583,2024-07-09,EPOKY,SALE,8000.5,REPRESENTATIVES,1001.0,D,2024-07-10
2024-06-21,JOSH GOTTHEIMER,G000583,2024-07-09,ASAZY,SALE,8000.5,REPRESENTATIVES,1001.0,D,2024-07-10
2024-06-21,JOSH GOTTHEIMER,G000583,2024-07-09,MRK,SALE,8000.5,REPRESENTATIVES,1001.0,D,2024-07-10
2024-06-21,JOSH GOTTHEIMER,G000583,2024-07-09,SKY,SALE,8000.5,REPRESENTATIVES,1001.0,D,2024-07-10
2024-06-21,JOSH GOTTHEIMER,G000583,2024-07-09,D,SALE,8000.5,REPRESENTATIVES,1001.0,D,2024-07-10
2024-06-21,JOSH GOTTHEIMER,G000583,2024-07-09,TCEHY,SALE,8000.5,REPRESENTATIVES,1001.0,D,2024-07-10
2024-06-21,JOSH GOTTHEIMER,G000583,2024-07-09,AAGIY,SALE,8000.5,REPRESENTATIVES,1001.0,D,2024-07-10
2024-06-21,JOSH GOTTHEIMER,G000583,2024-07-09,HQY,SALE,8000.5,REPRESENTATIVES,1001.0,D,2024-07-10
2024-06-21,JOSH GOTTHEIMER,G000583,2024-07-09,NSRGY,SALE,8000.5,REPRESENTATIVES,1001.0,D,2024-07-10
2024-06-21,JOSH GOTTHEIMER,G000583,2024-07-09,SONVY,SALE,8000.5,REPRESENTATIVES,1001.0,D,2024-07-10
2024-06-21,JOSH GOTTHEIMER,G000583,2024-07-09,BHP,SALE,8000.5,REPRESENTATIVES,1001.0,D,2024-07-10
2024-06-21,JOSH GOTTHEIMER,G000583,2024-07-09,HLN,SALE,8000.5,REPRESENTATIVES,1001.0,D,2024-07-10
2024-06-21,JOSH GOTTHEIMER,G000583,2024-07-09,DSGX,SALE,8000.5,REPRESENTATIVES,1001.0,D,2024-07-10
2024-06-21,JOSH GOTTHEIMER,G000583,2024-07-09,CCI,SALE,8000.5,REPRESENTATIVES,1001.0,D,2024-07-10
2024-06-21,JOSH GOTTHEIMER,G000583,2024-07-09,SF,SALE,8000.5,REPRESENTATIVES,1001.0,D,2024-07-10
2024-06-21,JOSH GOTTHEIMER,G000583,2024-07-09,DBSDY,SALE,8000.5,REPRESENTATIVES,1001.0,D,2024-07-10
2024-06-21,JOSH GOTTHEIMER,G000583,2024-07-09,TSM,SALE,8000.5,REPRESENTATIVES,1001.0,D,2024-07-10
2024-06-21,JOSH GOTTHEIMER,G000583,2024-07-09,MTSI,SALE,8000.5,REPRESENTATIVES,1001.0,D,2024-07-10
2024-06-21,JOSH GOTTHEIMER,G000583,2024-07-09,MSFT,SALE,8000.5,REPRESENTATIVES,1001.0,D,2024-07-10
2024-06-21,JOSH GOTTHEIMER,G000583,2024-07-09,RHP,SALE,8000.5,REPRESENTATIVES,1001.0,D,2024-07-10
2024-06-21,JOSH GOTTHEIMER,G000583,2024-07-09,BBVA,SALE,8000.5,REPRESENTATIVES,1001.0,D,2024-07-10
2024-06-21,JOSH GOTTHEIMER,G000583,2024-07-09,MTDR,SALE,8000.5,REPRESENTATIVES,1001.0,D,2024-07-10
2024-06-21,JOSH GOTTHEIMER,G000583,2024-07-09,RIO,SALE,8000.5,REPRESENTATIVES,1001.0,D,2024-07-10
2024-06-21,JOSH GOTTHEIMER,G000583,2024-07-09,UPS,SALE,8000.5,REPRESENTATIVES,1001.0,D,2024-07-10
2024-06-21,JOSH GOTTHEIMER,G000583,2024-07-09,CHGCY,SALE,8000.5,REPRESENTATIVES,1001.0,D,2024-07-10
2024-06-21,JOSH GOTTHEIMER,G000583,2024-07-09,SHEL,SALE,8000.5,REPRESENTATIVES,1001.0,D,2024-07-10
2024-06-21,JOSH GOTTHEIMER,G000583,2024-07-09,MELI,SALE,8000.5,REPRESENTATIVES,1001.0,D,2024-07-10
2024-06-21,JOSH GOTTHEIMER,G000583,2024-07-09,SCHW,SALE,8000.5,REPRESENTATIVES,1001.0,D,2024-07-10
2024-06-21,JOSH GOTTHEIMER,G000583,2024-07-09,HSHCY,SALE,8000.5,REPRESENTATIVES,1001.0,D,2024-07-10
2024-06-21,JOSH GOTTHEIMER,G000583,2024-07-09,RHHBY,SALE,8000.5,REPRESENTATIVES,1001.0,D,2024-07-10
2024-06-21,JOSH GOTTHEIMER,G000583,2024-07-09,ALFVY,SALE,8000.5,REPRESENTATIVES,1001.0,D,2024-07-10
2024-06-21,JOSH GOTTHEIMER,G000583,2024-07-09,PRIM,SALE,8000.5,REPRESENTATIVES,1001.0,D,2024-07-10
2024-06-21,JOSH GOTTHEIMER,G000583,2024-07-09,ATLKY,SALE,8000.5,REPRESENTATIVES,1001.0,D,2024-07-10
2024-06-21,JOSH GOTTHEIMER,G000583,2024-07-09,ITT,SALE,8000.5,REPRESENTATIVES,1001.0,D,2024-07-10
2024-06-21,JOSH GOTTHEIMER,G000583,2024-07-09,PGR,SALE,8000.5,REPRESENTATIVES,1001.0,D,2024-07-10
2024-06-21,JOSH GOTTHEIMER,G000583,2024-07-09,CVX,SALE,8000.5,REPRESENTATIVES,1001.0,D,2024-07-10
2024-06-21,JOSH GOTTHEIMER,G000583,2024-07-09,IFNNY,SALE,8000.5,REPRESENTATIVES,1001.0,D,2024-07-10
2024-06-21,JOSH GOTTHEIMER,G000583,2024-07-09,VZ,SALE,8000.5,REPRESENTATIVES,1001.0,D,2024-07-10
2024-06-21,JOSH GOTTHEIMER,G000583,2024-07-09,IBN,SALE,8000.5,REPRESENTATIVES,1001.0,D,2024-07-10
2024-06-21,JOSH GOTTHEIMER,G000583,2024-07-09,HDB,SALE,8000.5,REPRESENTATIVES,1001.0,D,2024-07-10
2024-06-21,JOSH GOTTHEIMER,G000583,2024-07-09,FMX,SALE,8000.5,REPRESENTATIVES,1001.0,D,2024-07-10
2024-06-21,JOSH GOTTHEIMER,G000583,2024-07-09,SPXC,SALE,8000.5,REPRESENTATIVES,1001.0,D,2024-07-10
2024-06-21,JOSH GOTTHEIMER,G000583,2024-07-09,CINF,SALE,8000.5,REPRESENTATIVES,1001.0,D,2024-07-10
2024-06-21,JOSH GOTTHEIMER,G000583,2024-07-09,ALIZY,SALE,8000.5,REPRESENTATIVES,1001.0,D,2024-07-10
2024-06-21,JOSH GOTTHEIMER,G000583,2024-07-09,APD,SALE,8000.5,REPRESENTATIVES,1001.0,D,2024-07-10
2024-06-21,JOSH GOTTHEIMER,G000583,2024-07-09,AAPL,SALE,8000.5,REPRESENTATIVES,1001.0,D,2024-07-10
2024-06-21,JOSH GOTTHEIMER,G000583,2024-07-09,TXN,SALE,8000.5,REPRESENTATIVES,1001.0,D,2024-07-10
2024-06-21,JOSH GOTTHEIMER,G000583,2024-07-09,AIQUY,SALE,8000.5,REPRESENTATIVES,1001.0,D,2024-07-10
2024-06-21,JOSH GOTTHEIMER,G000583,2024-07-09,MTX,SALE,8000.5,REPRESENTATIVES,1001.0,D,2024-07-10
2024-06-21,JOSH GOTTHEIMER,G000583,2024-07-09,PAYX,SALE,8000.5,REPRESENTATIVES,1001.0,D,2024-07-10
2024-06-21,JOSH GOTTHEIMER,G000583,2024-07-09,BLK,SALE,8000.5,REPRESENTATIVES,1001.0,D,2024-07-10
2024-06-21,JOSH GOTTHEIMER,G000583,2024-07-09,SBGSY,SALE,8000.5,REPRESENTATIVES,1001.0,D,2024-07-10
2024-06-21,JOSH GOTTHEIMER,G000583,2024-07-09,CSCO,SALE,8000.5,REPRESENTATIVES,1001.0,D,2024-07-10
2024-06-21,JOSH GOTTHEIMER,G000583,2024-07-09,MFC,SALE,8000.5,REPRESENTATIVES,1001.0,D,2024-07-10
2024-06-21,JOSH GOTTHEIMER,G000583,2024-07-09,LOW,SALE,8000.5,REPRESENTATIVES,1001.0,D,2024-07-10
2024-06-21,JOSH GOTTHEIMER,G000583,2024-07-09,MEDP,SALE,8000.5,REPRESENTATIVES,1001.0,D,2024-07-10
2024-06-21,JOSH GOTTHEIMER,G000583,2024-07-09,NSC,SALE,8000.5,REPRESENTATIVES,1001.0,D,2024-07-10
2024-06-21,JOSH GOTTHEIMER,G000583,2024-07-09,ALC,SALE,8000.5,REPRESENTATIVES,1001.0,D,2024-07-10
2024-06-21,JOSH GOTTHEIMER,G000583,2024-07-09,FAST,SALE,8000.5,REPRESENTATIVES,1001.0,D,2024-07-10
2024-06-21,JOSH GOTTHEIMER,G000583,2024-07-09,CENTA,SALE,8000.5,REPRESENTATIVES,1001.0,D,2024-07-10
2024-06-21,JOSH GOTTHEIMER,G000583,2024-07-09,SAP,SALE,8000.5,REPRESENTATIVES,1001.0,D,2024-07-10
2024-06-21,JOSH GOTTHEIMER,G000583,2024-07-09,NTDOY,SALE,8000.5,REPRESENTATIVES,1001.0,D,2024-07-10
2024-06-21,JOSH GOTTHEIMER,G000583,2024-07-09,ITCI,SALE,8000.5,REPRESENTATIVES,1001.0,D,2024-07-10
2024-06-25,JOSH GOTTHEIMER,G000583,2024-07-09,TEL,PURCHASE,8000.5,REPRESENTATIVES,1001.0,D,2024-07-10
2024-06-25,JOSH GOTTHEIMER,G000583,2024-07-09,VZ,SALE,8000.5,REPRESENTATIVES,1001.0,D,2024-07-10
2024-06-25,JOSH GOTTHEIMER,G000583,2024-07-09,ISRG,PURCHASE,8000.5,REPRESENTATIVES,1001.0,D,2024-07-10
2024-06-26,JOSH GOTTHEIMER,G000583,2024-07-09,CRM,SALE,8000.5,REPRESENTATIVES,1001.0,D,2024-07-10
2024-06-26,JOSH GOTTHEIMER,G000583,2024-07-09,TEL,PURCHASE,8000.5,REPRESENTATIVES,1001.0,D,2024-07-10
2024-06-26,JOSH GOTTHEIMER,G000583,2024-07-09,ABNB,SALE,8000.5,REPRESENTATIVES,1001.0,D,2024-07-10
2024-06-27,JOSH GOTTHEIMER,G000583,2024-07-09,SPXC,SALE,8000.5,REPRESENTATIVES,1001.0,D,2024-07-10
2024-06-27,SHELDON WHITEHOUSE,W000802,2024-07-16,GS,PURCHASE,8000.5,SENATE,1001.0,D,2024-07-16
2024-06-27,JOSH GOTTHEIMER,G000583,2024-07-09,STRL,PURCHASE,8000.5,REPRESENTATIVES,1001.0,D,2024-07-10
2024-06-27,EARL BLUMENAUER,B000574,2024-07-06,CVS,SALE,8000.5,REPRESENTATIVES,1001.0,D,2024-07-08
2024-06-27,JOSH GOTTHEIMER,G000583,2024-07-09,PRIM,SALE,8000.5,REPRESENTATIVES,1001.0,D,2024-07-10
2024-06-27,JOSH GOTTHEIMER,G000583,2024-07-09,AEIS,PURCHASE,8000.5,REPRESENTATIVES,1001.0,D,2024-07-10
2024-06-28,JOSH GOTTHEIMER,G000583,2024-07-09,NVDA,PURCHASE,8000.5,REPRESENTATIVES,1001.0,D,2024-07-10
2024-06-28,MORGAN MCGARVEY,M001220,2024-07-03,DAL,PURCHASE,8000.5,REPRESENTATIVES,1001.0,D,2024-07-04
2024-06-28,JOSH GOTTHEIMER,G000583,2024-07-09,AVGO,PURCHASE,8000.5,REPRESENTATIVES,1001.0,D,2024-07-10
2024-06-28,JOSH GOTTHEIMER,G000583,2024-07-09,DE,SALE,8000.5,REPRESENTATIVES,1001.0,D,2024-07-10
2024-06-28,JOSH GOTTHEIMER,G000583,2024-07-09,MAR,SALE,8000.5,REPRESENTATIVES,1001.0,D,2024-07-10
2024-06-28,JOSH GOTTHEIMER,G000583,2024-07-09,MSFT,PURCHASE,8000.5,REPRESENTATIVES,1001.0,D,2024-07-10
2024-06-28,JOSH GOTTHEIMER,G000583,2024-07-09,LOW,SALE,8000.5,REPRESENTATIVES,1001.0,D,2024-07-10
2024-06-28,JOSH GOTTHEIMER,G000583,2024-07-09,AAPL,PURCHASE,8000.5,REPRESENTATIVES,1001.0,D,2024-07-10
2024-07-01,JOSH GOTTHEIMER,G000583,2024-08-15,TT,SALE,8000.5,REPRESENTATIVES,1001.0,D,2024-08-16
2024-07-01,JOSH GOTTHEIMER,G000583,2024-08-15,REGN,SALE,8000.5,REPRESENTATIVES,1001.0,D,2024-08-16
2024-07-01,JOSH GOTTHEIMER,G000583,2024-08-15,GOOG,PURCHASE,8000.5,REPRESENTATIVES,1001.0,D,2024-08-16
2024-07-01,JARED MOSKOWITZ,M001217,2024-08-06,JNJ,PURCHASE,8000.5,REPRESENTATIVES,1001.0,D,2024-08-07
2024-07-01,JARED MOSKOWITZ,M001217,2024-08-06,WEC,SALE,8000.5,REPRESENTATIVES,1001.0,D,2024-08-07
2024-07-01,JOSH GOTTHEIMER,G000583,2024-08-15,LLY,SALE,8000.5,REPRESENTATIVES,1001.0,D,2024-08-16
2024-07-01,JARED MOSKOWITZ,M001217,2024-08-06,LMT,PURCHASE,8000.5,REPRESENTATIVES,1001.0,D,2024-08-07
2024-07-01,JARED MOSKOWITZ,M001217,2024-08-06,NEE,PURCHASE,8000.5,REPRESENTATIVES,1001.0,D,2024-08-07
2024-07-01,JARED MOSKOWITZ,M001217,2024-08-06,SNA,PURCHASE,8000.5,REPRESENTATIVES,1001.0,D,2024-08-07
2024-07-01,JOSH GOTTHEIMER,G000583,2024-08-15,META,SALE,8000.5,REPRESENTATIVES,1001.0,D,2024-08-16
2024-07-01,JARED MOSKOWITZ,M001217,2024-08-06,FDS,PURCHASE,8000.5,REPRESENTATIVES,1001.0,D,2024-08-07
2024-07-01,JOSH GOTTHEIMER,G000583,2024-08-15,MA,SALE,8000.5,REPRESENTATIVES,1001.0,D,2024-08-16
2024-07-01,JARED MOSKOWITZ,M001217,2024-08-06,ELV,PURCHASE,8000.5,REPRESENTATIVES,1001.0,D,2024-08-07
2024-07-01,JOSH GOTTHEIMER,G000583,2024-08-15,MCK,SALE,8000.5,REPRESENTATIVES,1001.0,D,2024-08-16
2024-07-01,JARED MOSKOWITZ,M001217,2024-08-06,NOC,SALE,8000.5,REPRESENTATIVES,1001.0,D,2024-08-07
2024-07-01,JOSH GOTTHEIMER,G000583,2024-08-15,AZO,SALE,8000.5,REPRESENTATIVES,1001.0,D,2024-08-16
2024-07-01,JARED MOSKOWITZ,M001217,2024-08-06,PNC,SALE,8000.5,REPRESENTATIVES,1001.0,D,2024-08-07
2024-07-01,JOSH GOTTHEIMER,G000583,2024-08-15,APH,SALE,8000.5,REPRESENTATIVES,1001.0,D,2024-08-16
2024-07-01,JOSH GOTTHEIMER,G000583,2024-08-15,HUBS,SALE,8000.5,REPRESENTATIVES,1001.0,D,2024-08-16
2024-07-01,JARED MOSKOWITZ,M001217,2024-08-06,MDLZ,PURCHASE,8000.5,REPRESENTATIVES,1001.0,D,2024-08-07
2024-07-01,JARED MOSKOWITZ,M001217,2024-08-06,BBY,SALE,8000.5,REPRESENTATIVES,1001.0,D,2024-08-07
2024-07-01,JOSH GOTTHEIMER,G000583,2024-08-15,INTU,SALE,8000.5,REPRESENTATIVES,1001.0,D,2024-08-16
2024-07-01,JARED MOSKOWITZ,M001217,2024-08-06,TSCO,PURCHASE,8000.5,REPRESENTATIVES,1001.0,D,2024-08-07
2024-07-01,JARED MOSKOWITZ,M001217,2024-08-06,GOOG,PURCHASE,8000.5,REPRESENTATIVES,1001.0,D,2024-08-07
2024-07-01,JOSH GOTTHEIMER,G000583,2024-08-15,NFLX,SALE,8000.5,REPRESENTATIVES,1001.0,D,2024-08-16
2024-07-01,JARED MOSKOWITZ,M001217,2024-08-06,TD,SALE,8000.5,REPRESENTATIVES,1001.0,D,2024-08-07
2024-07-01,LLOYD DOGGETT,D000399,2024-08-05,KO,PURCHASE,8000.5,REPRESENTATIVES,1001.0,D,2024-08-06
2024-07-01,JOSH GOTTHEIMER,G000583,2024-08-15,TSLA,SALE,8000.5,REPRESENTATIVES,1001.0,D,2024-08-16
2024-07-01,JARED MOSKOWITZ,M001217,2024-08-06,JPM,PURCHASE,8000.5,REPRESENTATIVES,1001.0,D,2024-08-07
2024-07-02,KATHY MANNING,M001135,2024-08-16,NVDA,SALE,8000.5,REPRESENTATIVES,1001.0,D,2024-08-19
2024-07-02,RICK LARSEN,L000560,2024-07-17,GS,PURCHASE,8000.5,REPRESENTATIVES,1001.0,D,2024-07-18
2024-07-02,KATHY MANNING,M001135,2024-08-16,INTU,SALE,8000.5,REPRESENTATIVES,1001.0,D,2024-08-19
2024-07-02,KATHY MANNING,M001135,2024-08-16,PKG,PURCHASE,8000.5,REPRESENTATIVES,1001.0,D,2024-08-19
2024-07-02,KATHY MANNING,M001135,2024-08-16,LMT,SALE,8000.5,REPRESENTATIVES,1001.0,D,2024-08-19
2024-07-02,KATHY MANNING,M001135,2024-08-16,ABT,PURCHASE,8000.5,REPRESENTATIVES,1001.0,D,2024-08-19
2024-07-02,GERALD E. CONNOLLY,C001078,2024-07-05,SAIC,SALE,8000.5,REPRESENTATIVES,1001.0,D,2024-07-05
2024-07-02,KATHY MANNING,M001135,2024-08-16,ABBV,PURCHASE,8000.5,REPRESENTATIVES,1001.0,D,2024-08-19
2024-07-02,KATHY MANNING,M001135,2024-08-16,ACN,SALE,8000.5,REPRESENTATIVES,1001.0,D,2024-08-19
2024-07-02,KATHY MANNING,M001135,2024-08-16,CME,SALE,8000.5,REPRESENTATIVES,1001.0,D,2024-08-19
2024-07-02,RICK LARSEN,L000560,2024-07-17,WM,SALE,8000.5,REPRESENTATIVES,1001.0,D,2024-07-18
2024-07-02,GERALD E. CONNOLLY,C001078,2024-07-05,D,SALE,8000.5,REPRESENTATIVES,1001.0,D,2024-07-05
2024-07-02,KATHY MANNING,M001135,2024-08-16,AON,SALE,8000.5,REPRESENTATIVES,1001.0,D,2024-08-19
2024-07-02,KATHY MANNING,M001135,2024-08-16,WMT,SALE,8000.5,REPRESENTATIVES,1001.0,D,2024-08-19
2024-07-02,KATHY MANNING,M001135,2024-08-16,QCOM,PURCHASE,8000.5,REPRESENTATIVES,1001.0,D,2024-08-19
2024-07-02,KATHY MANNING,M001135,2024-08-16,COST,PURCHASE,8000.5,REPRESENTATIVES,1001.0,D,2024-08-19
2024-07-02,KATHY MANNING,M001135,2024-08-16,CRM,PURCHASE,8000.5,REPRESENTATIVES,1001.0,D,2024-08-19
2024-07-02,KATHY MANNING,M001135,2024-08-16,LRCX,PURCHASE,8000.5,REPRESENTATIVES,1001.0,D,2024-08-19
2024-07-02,KATHY MANNING,M001135,2024-08-16,MA,PURCHASE,8000.5,REPRESENTATIVES,1001.0,D,2024-08-19
2024-07-02,KATHY MANNING,M001135,2024-08-16,CAT,SALE,8000.5,REPRESENTATIVES,1001.0,D,2024-08-19
2024-07-02,RICK LARSEN,L000560,2024-07-17,ODFL,PURCHASE,8000.5,REPRESENTATIVES,1001.0,D,2024-07-18
2024-07-02,KATHY MANNING,M001135,2024-08-16,CB,SALE,8000.5,REPRESENTATIVES,1001.0,D,2024-08-19
2024-07-02,KATHY MANNING,M001135,2024-08-16,GOOGL,SALE,8000.5,REPRESENTATIVES,1001.0,D,2024-08-19
2024-07-02,KATHY MANNING,M001135,2024-08-16,CNC,PURCHASE,8000.5,REPRESENTATIVES,1001.0,D,2024-08-19
2024-07-02,KATHY MANNING,M001135,2024-08-16,GRMN,PURCHASE,8000.5,REPRESENTATIVES,1001.0,D,2024-08-19
2024-07-02,RICK LARSEN,L000560,2024-07-17,HIG,SALE,8000.5,REPRESENTATIVES,1001.0,D,2024-07-18
2024-07-02,GERALD E. CONNOLLY,C001078,2024-07-05,LDOS,SALE,8000.5,REPRESENTATIVES,1001.0,D,2024-07-05
2024-07-02,KATHY MANNING,M001135,2024-08-16,AMGN,PURCHASE,8000.5,REPRESENTATIVES,1001.0,D,2024-08-19
2024-07-02,KATHY MANNING,M001135,2024-08-16,SYY,PURCHASE,8000.5,REPRESENTATIVES,1001.0,D,2024-08-19
2024-07-02,KATHY MANNING,M001135,2024-08-16,APD,SALE,8000.5,REPRESENTATIVES,1001.0,D,2024-08-19
2024-07-02,KATHY MANNING,M001135,2024-08-16,MICRD,PURCHASE,8000.5,REPRESENTATIVES,1001.0,D,2024-08-19
2024-07-02,KATHY MANNING,M001135,2024-08-16,NKE,SALE,8000.5,REPRESENTATIVES,1001.0,D,2024-08-19
2024-07-02,KATHY MANNING,M001135,2024-08-16,MRK,PURCHASE,8000.5,REPRESENTATIVES,1001.0,D,2024-08-19
2024-07-02,KATHY MANNING,M001135,2024-08-16,TJX,PURCHASE,8000.5,REPRESENTATIVES,1001.0,D,2024-08-19
2024-07-02,KATHY MANNING,M001135,2024-08-16,MSFT,PURCHASE,8000.5,REPRESENTATIVES,1001.0,D,2024-08-19
2024-07-02,KATHY MANNING,M001135,2024-08-16,HD,PURCHASE,8000.5,REPRESENTATIVES,1001.0,D,2024-08-19
2024-07-02,KATHY MANNING,M001135,2024-08-16,PG,PURCHASE,8000.5,REPRESENTATIVES,1001.0,D,2024-08-19
2024-07-02,KATHY MANNING,M001135,2024-08-16,MDT,SALE,8000.5,REPRESENTATIVES,1001.0,D,2024-08-19
2024-07-02,KATHY MANNING,M001135,2024-08-16,JNJ,PURCHASE,8000.5,REPRESENTATIVES,1001.0,D,2024-08-19
2024-07-02,KATHY MANNING,M001135,2024-08-16,EXPD,PURCHASE,8000.5,REPRESENTATIVES,1001.0,D,2024-08-19
2024-07-02,KATHY MANNING,M001135,2024-08-16,GOOG,SALE,8000.5,REPRESENTATIVES,1001.0,D,2024-08-19
2024-07-02,KATHY MANNING,M001135,2024-08-16,V,PURCHASE,8000.5,REPRESENTATIVES,1001.0,D,2024-08-19
2024-07-02,KATHY MANNING,M001135,2024-08-16,AAPL,PURCHASE,8000.5,REPRESENTATIVES,1001.0,D,2024-08-19
2024-07-02,KATHY MANNING,M001135,2024-08-16,MSCI,PURCHASE,8000.5,REPRESENTATIVES,1001.0,D,2024-08-19
2024-07-03,SHELDON WHITEHOUSE,W000802,2024-08-21,MCD,SALE (FULL),8000.5,SENATE,1001.0,D,2024-08-21
2024-07-05,JARED MOSKOWITZ,M001217,2024-08-19,CB,PURCHASE,8000.5,REPRESENTATIVES,1001.0,D,2024-08-20
2024-07-05,JARED MOSKOWITZ,M001217,2024-08-06,SO,PURCHASE,8000.5,REPRESENTATIVES,1001.0,D,2024-08-07
2024-07-05,JARED MOSKOWITZ,M001217,2024-08-19,TD,SALE,8000.5,REPRESENTATIVES,1001.0,D,2024-08-20
2024-07-05,JARED MOSKOWITZ,M001217,2024-08-06,WM,SALE,8000.5,REPRESENTATIVES,1001.0,D,2024-08-07
2024-07-05,JARED MOSKOWITZ,M001217,2024-08-06,BRK.B,PURCHASE,8000.5,REPRESENTATIVES,1001.0,D,2024-08-07
2024-07-05,JARED MOSKOWITZ,M001217,2024-08-06,WEC,SALE,8000.5,REPRESENTATIVES,1001.0,D,2024-08-07
2024-07-05,JARED MOSKOWITZ,M001217,2024-08-19,PNC,SALE,8000.5,REPRESENTATIVES,1001.0,D,2024-08-20
2024-07-05,JARED MOSKOWITZ,M001217,2024-08-06,AMZN,PURCHASE,8000.5,REPRESENTATIVES,1001.0,D,2024-08-07
2024-07-05,JARED MOSKOWITZ,M001217,2024-08-19,AVGO,PURCHASE,8000.5,REPRESENTATIVES,1001.0,D,2024-08-20
2024-07-05,JARED MOSKOWITZ,M001217,2024-08-19,ABT,PURCHASE,8000.5,REPRESENTATIVES,1001.0,D,2024-08-20
2024-07-05,JARED MOSKOWITZ,M001217,2024-08-19,ORCL,PURCHASE,8000.5,REPRESENTATIVES,1001.0,D,2024-08-20
2024-07-05,JARED MOSKOWITZ,M001217,2024-08-06,LIN,PURCHASE,8000.5,REPRESENTATIVES,1001.0,D,2024-08-07
2024-07-05,JARED MOSKOWITZ,M001217,2024-08-19,LOW,SALE,8000.5,REPRESENTATIVES,1001.0,D,2024-08-20
2024-07-05,JARED MOSKOWITZ,M001217,2024-08-06,NVDA,PURCHASE,8000.5,REPRESENTATIVES,1001.0,D,2024-08-07
2024-07-05,JARED MOSKOWITZ,M001217,2024-08-06,ZTS,SALE,8000.5,REPRESENTATIVES,1001.0,D,2024-08-07
2024-07-05,JARED MOSKOWITZ,M001217,2024-08-06,FDS,SALE,8000.5,REPRESENTATIVES,1001.0,D,2024-08-07
2024-07-05,JARED MOSKOWITZ,M001217,2024-08-06,PNC,SALE,8000.5,REPRESENTATIVES,1001.0,D,2024-08-07
2024-07-05,JARED MOSKOWITZ,M001217,2024-08-06,MA,SALE,8000.5,REPRESENTATIVES,1001.0,D,2024-08-07
2024-07-05,JARED MOSKOWITZ,M001217,2024-08-19,AMZN,PURCHASE,8000.5,REPRESENTATIVES,1001.0,D,2024-08-20
2024-07-05,JARED MOSKOWITZ,M001217,2024-08-19,NOC,SALE,8000.5,REPRESENTATIVES,1001.0,D,2024-08-20
2024-07-05,JARED MOSKOWITZ,M001217,2024-08-19,MA,SALE,8000.5,REPRESENTATIVES,1001.0,D,2024-08-20
2024-07-05,JARED MOSKOWITZ,M001217,2024-08-06,ROP,PURCHASE,8000.5,REPRESENTATIVES,1001.0,D,2024-08-07
2024-07-05,JOSH GOTTHEIMER,G000583,2024-08-15,SHEL,PURCHASE,8000.5,REPRESENTATIVES,1001.0,D,2024-08-16
2024-07-05,JARED MOSKOWITZ,M001217,2024-08-06,ELV,PURCHASE,8000.5,REPRESENTATIVES,1001.0,D,2024-08-07
2024-07-05,JARED MOSKOWITZ,M001217,2024-08-19,FDS,SALE,8000.5,REPRESENTATIVES,1001.0,D,2024-08-20
2024-07-05,JARED MOSKOWITZ,M001217,2024-08-19,CMCSA,SALE,8000.5,REPRESENTATIVES,1001.0,D,2024-08-20
2024-07-05,JARED MOSKOWITZ,M001217,2024-08-06,CMCSA,SALE,8000.5,REPRESENTATIVES,1001.0,D,2024-08-07
2024-07-05,JARED MOSKOWITZ,M001217,2024-08-19,MDLZ,SALE,8000.5,REPRESENTATIVES,1001.0,D,2024-08-20
2024-07-05,JARED MOSKOWITZ,M001217,2024-08-19,SHW,PURCHASE,8000.5,REPRESENTATIVES,1001.0,D,2024-08-20
2024-07-05,JARED MOSKOWITZ,M001217,2024-08-06,ATO,PURCHASE,8000.5,REPRESENTATIVES,1001.0,D,2024-08-07
2024-07-05,JARED MOSKOWITZ,M001217,2024-08-06,TD,SALE,8000.5,REPRESENTATIVES,1001.0,D,2024-08-07
2024-07-05,JARED MOSKOWITZ,M001217,2024-08-06,NOC,SALE,8000.5,REPRESENTATIVES,1001.0,D,2024-08-07
2024-07-05,JARED MOSKOWITZ,M001217,2024-08-06,JPM,PURCHASE,8000.5,REPRESENTATIVES,1001.0,D,2024-08-07
2024-07-05,JARED MOSKOWITZ,M001217,2024-08-19,WM,PURCHASE,8000.5,REPRESENTATIVES,1001.0,D,2024-08-20
2024-07-05,JARED MOSKOWITZ,M001217,2024-08-19,ALL,SALE,8000.5,REPRESENTATIVES,1001.0,D,2024-08-20
2024-07-05,JARED MOSKOWITZ,M001217,2024-08-06,SHW,PURCHASE,8000.5,REPRESENTATIVES,1001.0,D,2024-08-07
2024-07-05,JARED MOSKOWITZ,M001217,2024-08-19,JPM,PURCHASE,8000.5,REPRESENTATIVES,1001.0,D,2024-08-20
2024-07-05,JOSH GOTTHEIMER,G000583,2024-08-15,TSM,SALE,8000.5,REPRESENTATIVES,1001.0,D,2024-08-16
2024-07-05,JARED MOSKOWITZ,M001217,2024-08-19,SO,PURCHASE,8000.5,REPRESENTATIVES,1001.0,D,2024-08-20
2024-07-05,JARED MOSKOWITZ,M001217,2024-08-06,MDLZ,SALE,8000.5,REPRESENTATIVES,1001.0,D,2024-08-07
2024-07-05,JARED MOSKOWITZ,M001217,2024-08-06,ALL,SALE,8000.5,REPRESENTATIVES,1001.0,D,2024-08-07
2024-07-05,JARED MOSKOWITZ,M001217,2024-08-19,ZTS,SALE,8000.5,REPRESENTATIVES,1001.0,D,2024-08-20
2024-07-05,JARED MOSKOWITZ,M001217,2024-08-19,WEC,SALE,8000.5,REPRESENTATIVES,1001.0,D,2024-08-20
2024-07-05,JARED MOSKOWITZ,M001217,2024-08-06,GWW,PURCHASE,8000.5,REPRESENTATIVES,1001.0,D,2024-08-07
2024-07-05,JARED MOSKOWITZ,M001217,2024-08-06,ORCL,PURCHASE,8000.5,REPRESENTATIVES,1001.0,D,2024-08-07
2024-07-05,JARED MOSKOWITZ,M001217,2024-08-06,AVGO,PURCHASE,8000.5,REPRESENTATIVES,1001.0,D,2024-08-07
2024-07-05,JARED MOSKOWITZ,M001217,2024-08-19,SNA,SALE,8000.5,REPRESENTATIVES,1001.0,D,2024-08-20
2024-07-08,JOSH GOTTHEIMER,G000583,2024-08-15,DBSDY,SALE,8000.5,REPRESENTATIVES,1001.0,D,2024-08-16
2024-07-09,JOSH GOTTHEIMER,G000583,2024-08-15,ALIZY,SALE,8000.5,REPRESENTATIVES,1001.0,D,2024-08-16
2024-07-09,JOSH GOTTHEIMER,G000583,2024-08-15,ABNB,SALE,8000.5,REPRESENTATIVES,1001.0,D,2024-08-16
2024-07-09,JOSH GOTTHEIMER,G000583,2024-08-15,MAR,SALE,8000.5,REPRESENTATIVES,1001.0,D,2024-08-16
2024-07-09,JOSH GOTTHEIMER,G000583,2024-08-15,MCD,PURCHASE,8000.5,REPRESENTATIVES,1001.0,D,2024-08-16
2024-07-09,EARL BLUMENAUER,B000574,2024-08-06,WBD,SALE,8000.5,REPRESENTATIVES,1001.0,D,2024-08-07
2024-07-09,EARL BLUMENAUER,B000574,2024-08-06,MDT,SALE,8000.5,REPRESENTATIVES,1001.0,D,2024-08-07
2024-07-12,JOSH GOTTHEIMER,G000583,2024-08-15,HELE,SALE,8000.5,REPRESENTATIVES,1001.0,D,2024-08-16
2024-07-16,JOSH GOTTHEIMER,G000583,2024-08-15,LZB,PURCHASE,8000.5,REPRESENTATIVES,1001.0,D,2024-08-16
2024-07-17,JARED MOSKOWITZ,M001217,2024-08-06,CMCSA,SALE,8000.5,REPRESENTATIVES,1001.0,D,2024-08-07
2024-07-17,GARY PETERS,P000595,2024-08-05,OTIS,SALE (FULL),8000.5,SENATE,1001.0,D,2024-08-06
2024-07-17,GREG LANDSMAN,L000601,2024-08-14,LHX,PURCHASE,8000.5,REPRESENTATIVES,1001.0,D,2024-08-15
2024-07-17,GREG LANDSMAN,L000601,2024-08-14,ISRG,SALE,8000.5,REPRESENTATIVES,1001.0,D,2024-08-15
2024-07-18,JOSH GOTTHEIMER,G000583,2024-08-15,MA,PURCHASE,8000.5,REPRESENTATIVES,1001.0,D,2024-08-16
2024-07-19,JOSH GOTTHEIMER,G000583,2024-08-15,SHLS,PURCHASE,8000.5,REPRESENTATIVES,1001.0,D,2024-08-16
2024-07-19,JOSH GOTTHEIMER,G000583,2024-08-15,TLK,PURCHASE,8000.5,REPRESENTATIVES,1001.0,D,2024-08-16
2024-07-19,JOSH GOTTHEIMER,G000583,2024-08-15,ATRC,PURCHASE,8000.5,REPRESENTATIVES,1001.0,D,2024-08-16
2024-07-19,JOSH GOTTHEIMER,G000583,2024-08-15,DHI,PURCHASE,8000.5,REPRESENTATIVES,1001.0,D,2024-08-16
2024-07-19,JOSH GOTTHEIMER,G000583,2024-08-15,FCX,PURCHASE,8000.5,REPRESENTATIVES,1001.0,D,2024-08-16
2024-07-19,JOSH GOTTHEIMER,G000583,2024-08-15,SQ,PURCHASE,8000.5,REPRESENTATIVES,1001.0,D,2024-08-16
2024-07-19,JOSH GOTTHEIMER,G000583,2024-08-15,VIAV,PURCHASE,8000.5,REPRESENTATIVES,1001.0,D,2024-08-16
2024-07-19,JOSH GOTTHEIMER,G000583,2024-08-15,SWTX,PURCHASE,8000.5,REPRESENTATIVES,1001.0,D,2024-08-16
2024-07-19,JOSH GOTTHEIMER,G000583,2024-08-15,GMAB,PURCHASE,8000.5,REPRESENTATIVES,1001.0,D,2024-08-16
2024-07-19,JOSH GOTTHEIMER,G000583,2024-08-15,ABEV,PURCHASE,8000.5,REPRESENTATIVES,1001.0,D,2024-08-16
2024-07-19,JOSH GOTTHEIMER,G000583,2024-08-15,NOC,PURCHASE,8000.5,REPRESENTATIVES,1001.0,D,2024-08-16
2024-07-19,JOSH GOTTHEIMER,G000583,2024-08-15,PPBI,PURCHASE,8000.5,REPRESENTATIVES,1001.0,D,2024-08-16
2024-07-19,JOSH GOTTHEIMER,G000583,2024-08-15,AMD,PURCHASE,8000.5,REPRESENTATIVES,1001.0,D,2024-08-16
2024-07-19,JOSH GOTTHEIMER,G000583,2024-08-15,FNA,PURCHASE,8000.5,REPRESENTATIVES,1001.0,D,2024-08-16
2024-07-19,JOSH GOTTHEIMER,G000583,2024-08-15,SGIOY,PURCHASE,8000.5,REPRESENTATIVES,1001.0,D,2024-08-16
2024-07-19,JOSH GOTTHEIMER,G000583,2024-08-15,FLYW,PURCHASE,8000.5,REPRESENTATIVES,1001.0,D,2024-08-16
2024-07-22,JOSH GOTTHEIMER,G000583,2024-08-15,CRM,SALE,8000.5,REPRESENTATIVES,1001.0,D,2024-08-16
2024-07-22,JOSH GOTTHEIMER,G000583,2024-08-15,ISRG,PURCHASE,8000.5,REPRESENTATIVES,1001.0,D,2024-08-16
2024-07-23,MORGAN MCGARVEY,M001220,2024-09-03,DAL,SALE,8000.5,REPRESENTATIVES,1001.0,D,2024-09-04
2024-07-23,JOSH GOTTHEIMER,G000583,2024-08-15,RHHBY,PURCHASE,8000.5,REPRESENTATIVES,1001.0,D,2024-08-16
2024-07-24,JOSH GOTTHEIMER,G000583,2024-08-15,SQ,SALE,8000.5,REPRESENTATIVES,1001.0,D,2024-08-16
2024-07-24,JOSH GOTTHEIMER,G000583,2024-08-15,TSLA,SALE,8000.5,REPRESENTATIVES,1001.0,D,2024-08-16
2024-07-25,SHELDON WHITEHOUSE,W000802,2024-08-21,DIS,SALE (FULL),8000.5,SENATE,1001.0,D,2024-08-21
2024-07-26,JOSH GOTTHEIMER,G000583,2024-08-15,HTLD,SALE,8000.5,REPRESENTATIVES,1001.0,D,2024-08-16
2024-07-26,JOSH GOTTHEIMER,G000583,2024-08-15,MMM,PURCHASE,8000.5,REPRESENTATIVES,1001.0,D,2024-08-16
2024-07-26,JOSH GOTTHEIMER,G000583,2024-08-15,MEDP,SALE,8000.5,REPRESENTATIVES,1001.0,D,2024-08-16
2024-07-26,JOSH GOTTHEIMER,G000583,2024-08-15,SNDR,PURCHASE,8000.5,REPRESENTATIVES,1001.0,D,2024-08-16
2024-07-29,JOSH GOTTHEIMER,G000583,2024-08-15,ANET,SALE,8000.5,REPRESENTATIVES,1001.0,D,2024-08-16
2024-07-29,JOSH GOTTHEIMER,G000583,2024-08-15,TSLA,SALE,8000.5,REPRESENTATIVES,1001.0,D,2024-08-16
2024-07-29,JOSH GOTTHEIMER,G000583,2024-08-15,ABT,PURCHASE,8000.5,REPRESENTATIVES,1001.0,D,2024-08-16
2024-07-30,SHELDON WHITEHOUSE,W000802,2024-08-21,CAG,SALE (FULL),8000.5,SENATE,1001.0,D,2024-08-21
2024-07-31,JOSH GOTTHEIMER,G000583,2024-08-15,ABEV,PURCHASE,8000.5,REPRESENTATIVES,1001.0,D,2024-08-16
2024-07-31,JOSH GOTTHEIMER,G000583,2024-08-15,DHI,PURCHASE,8000.5,REPRESENTATIVES,1001.0,D,2024-08-16
2024-07-31,JOSH GOTTHEIMER,G000583,2024-08-15,TLK,PURCHASE,8000.5,REPRESENTATIVES,1001.0,D,2024-08-16
2024-07-31,JOSH GOTTHEIMER,G000583,2024-08-15,AMD,SALE,8000.5,REPRESENTATIVES,1001.0,D,2024-08-16
2024-07-31,JOSH GOTTHEIMER,G000583,2024-08-15,MA,PURCHASE,8000.5,REPRESENTATIVES,1001.0,D,2024-08-16
2024-08-01,JOSH GOTTHEIMER,G000583,2024-09-11,GS,PURCHASE,8000.5,REPRESENTATIVES,1001.0,D,2024-09-12
2024-08-01,JOSH GOTTHEIMER,G000583,2024-09-11,SHOP,SALE,8000.5,REPRESENTATIVES,1001.0,D,2024-09-12
2024-08-01,JOSH GOTTHEIMER,G000583,2024-09-11,UBER,SALE,8000.5,REPRESENTATIVES,1001.0,D,2024-09-12
2024-08-01,JOSH GOTTHEIMER,G000583,2024-09-11,AMD,SALE,8000.5,REPRESENTATIVES,1001.0,D,2024-09-12
2024-08-01,JOSH GOTTHEIMER,G000583,2024-09-11,AAPL,PURCHASE,8000.5,REPRESENTATIVES,1001.0,D,2024-09-12
2024-08-02,JOSH GOTTHEIMER,G000583,2024-09-11,KO,PURCHASE,8000.5,REPRESENTATIVES,1001.0,D,2024-09-12
2024-08-02,JOSH GOTTHEIMER,G000583,2024-09-11,GS,PURCHASE,8000.5,REPRESENTATIVES,1001.0,D,2024-09-12
2024-08-02,JOSH GOTTHEIMER,G000583,2024-09-11,MAR,SALE,8000.5,REPRESENTATIVES,1001.0,D,2024-09-12
2024-08-02,JOSH GOTTHEIMER,G000583,2024-09-11,JBL,SALE,8000.5,REPRESENTATIVES,1001.0,D,2024-09-12
2024-08-02,JOSH GOTTHEIMER,G000583,2024-09-11,BKNG,SALE,8000.5,REPRESENTATIVES,1001.0,D,2024-09-12
2024-08-02,JOSH GOTTHEIMER,G000583,2024-09-11,ORCL,SALE,8000.5,REPRESENTATIVES,1001.0,D,2024-09-12
2024-08-05,JOSH GOTTHEIMER,G000583,2024-09-11,KO,PURCHASE,8000.5,REPRESENTATIVES,1001.0,D,2024-09-12
2024-08-05,JOSH GOTTHEIMER,G000583,2024-09-11,SPOT,PURCHASE,8000.5,REPRESENTATIVES,1001.0,D,2024-09-12
2024-08-05,JOSH GOTTHEIMER,G000583,2024-09-11,NOW,PURCHASE,8000.5,REPRESENTATIVES,1001.0,D,2024-09-12
2024-08-05,JOSH GOTTHEIMER,G000583,2024-09-11,TNDM,PURCHASE,8000.5,REPRESENTATIVES,1001.0,D,2024-09-12
2024-08-06,JOSH GOTTHEIMER,G000583,2024-09-11,FWRG,PURCHASE,8000.5,REPRESENTATIVES,1001.0,D,2024-09-12
2024-08-06,JOSH GOTTHEIMER,G000583,2024-09-11,AMD,SALE,8000.5,REPRESENTATIVES,1001.0,D,2024-09-12
2024-08-06,JOSH GOTTHEIMER,G000583,2024-09-11,CHUY,SALE,8000.5,REPRESENTATIVES,1001.0,D,2024-09-12
2024-08-08,JOSH GOTTHEIMER,G000583,2024-09-11,HSHCY,SALE,8000.5,REPRESENTATIVES,1001.0,D,2024-09-12
2024-08-09,DEBBIE WASSERMAN SCHULTZ,W000797,2024-09-05,HL,PURCHASE,8000.5,REPRESENTATIVES,1001.0,D,2024-09-06
2024-08-09,KATHY MANNING,M001135,2024-09-04,SBUX,SALE,8000.5,REPRESENTATIVES,1001.0,D,2024-09-05
2024-08-09,KATHY MANNING,M001135,2024-09-04,PFE,SALE,8000.5,REPRESENTATIVES,1001.0,D,2024-09-05
2024-08-13,MORGAN MCGARVEY,M001220,2024-09-25,AAPL,PURCHASE,8000.5,REPRESENTATIVES,1001.0,D,2024-09-26
2024-08-14,JOSH GOTTHEIMER,G000583,2024-09-11,SBUX,PURCHASE,8000.5,REPRESENTATIVES,1001.0,D,2024-09-12
2024-08-14,GREG LANDSMAN,L000601,2024-09-23,ULTA,SALE,8000.5,REPRESENTATIVES,1001.0,D,2024-09-24
2024-08-14,GREG LANDSMAN,L000601,2024-09-23,ANET,PURCHASE,8000.5,REPRESENTATIVES,1001.0,D,2024-09-24
2024-08-15,SHELDON WHITEHOUSE,W000802,2024-09-04,SNOW,SALE (FULL),8000.5,SENATE,1001.0,D,2024-09-05
2024-08-15,EARL BLUMENAUER,B000574,2024-09-06,NWN,PURCHASE,8000.5,REPRESENTATIVES,1001.0,D,2024-09-09
2024-08-15,LLOYD DOGGETT,D000399,2024-09-09,PG,PURCHASE,8000.5,REPRESENTATIVES,1001.0,D,2024-09-10
2024-08-19,MORGAN MCGARVEY,M001220,2024-09-25,AAPL,SALE,8000.5,REPRESENTATIVES,1001.0,D,2024-09-26
2024-08-19,JOSH GOTTHEIMER,G000583,2024-09-11,ABT,PURCHASE,8000.5,REPRESENTATIVES,1001.0,D,2024-09-12
2024-08-28,JOSH GOTTHEIMER,G000583,2024-09-11,TSLA,SALE,8000.5,REPRESENTATIVES,1001.0,D,2024-09-12
2024-08-30,JOSH GOTTHEIMER,G000583,2024-09-11,BNTX,SALE,8000.5,REPRESENTATIVES,1001.0,D,2024-09-12
2024-08-30,JOSH GOTTHEIMER,G000583,2024-09-11,TXN,SALE,8000.5,REPRESENTATIVES,1001.0,D,2024-09-12
2024-08-30,JOSH GOTTHEIMER,G000583,2024-09-11,BRK.B,PURCHASE,8000.5,REPRESENTATIVES,1001.0,D,2024-09-12
2024-08-30,JOSH GOTTHEIMER,G000583,2024-09-11,LOW,SALE,8000.5,REPRESENTATIVES,1001.0,D,2024-09-12
2024-08-30,JOSH GOTTHEIMER,G000583,2024-09-11,APD,SALE,8000.5,REPRESENTATIVES,1001.0,D,2024-09-12
2024-08-30,JOSH GOTTHEIMER,G000583,2024-09-11,ETN,SALE,8000.5,REPRESENTATIVES,1001.0,D,2024-09-12
2024-08-30,JOSH GOTTHEIMER,G000583,2024-09-11,NSC,SALE,8000.5,REPRESENTATIVES,1001.0,D,2024-09-12
2024-08-30,JOSH GOTTHEIMER,G000583,2024-09-11,SNPS,SALE,8000.5,REPRESENTATIVES,1001.0,D,2024-09-12
2024-09-03,JOSH GOTTHEIMER,G000583,2024-10-03,SSMXY,PURCHASE,8000.5,REPRESENTATIVES,1001.0,D,2024-10-04
2024-09-03,JOSH GOTTHEIMER,G000583,2024-10-03,BNTX,SALE,8000.5,REPRESENTATIVES,1001.0,D,2024-10-04
2024-09-05,JOSH GOTTHEIMER,G000583,2024-10-03,SAP,SALE,8000.5,REPRESENTATIVES,1001.0,D,2024-10-04
2024-09-05,JOSH GOTTHEIMER,G000583,2024-10-03,NSRGY,PURCHASE,8000.5,REPRESENTATIVES,1001.0,D,2024-10-04
2024-09-06,JOSH GOTTHEIMER,G000583,2024-10-03,SAP,SALE,8000.5,REPRESENTATIVES,1001.0,D,2024-10-04
2024-09-09,JOSH GOTTHEIMER,G000583,2024-10-03,RHP,SALE,8000.5,REPRESENTATIVES,1001.0,D,2024-10-04
2024-09-09,JOSH GOTTHEIMER,G000583,2024-10-03,IRT,PURCHASE,8000.5,REPRESENTATIVES,1001.0,D,2024-10-04
2024-09-09,JOSH GOTTHEIMER,G000583,2024-10-03,AVGO,SALE,8000.5,REPRESENTATIVES,1001.0,D,2024-10-04
2024-09-09,JOSH GOTTHEIMER,G000583,2024-10-03,SSMXY,PURCHASE,8000.5,REPRESENTATIVES,1001.0,D,2024-10-04
2024-09-09,JOSH GOTTHEIMER,G000583,2024-10-03,HALO,SALE,8000.5,REPRESENTATIVES,1001.0,D,2024-10-04
2024-09-10,JOSH GOTTHEIMER,G000583,2024-10-03,MCD,PURCHASE,8000.5,REPRESENTATIVES,1001.0,D,2024-10-04
2024-09-10,JOSH GOTTHEIMER,G000583,2024-10-03,TMO,PURCHASE,8000.5,REPRESENTATIVES,1001.0,D,2024-10-04
2024-09-11,WILLIAM R. KEATING,K000375,2024-09-24,CAT,SALE,8000.5,REPRESENTATIVES,1001.0,D,2024-09-25
2024-09-11,JOSH GOTTHEIMER,G000583,2024-10-03,AVGO,SALE,8000.5,REPRESENTATIVES,1001.0,D,2024-10-04
2024-09-11,WILLIAM R. KEATING,K000375,2024-09-24,NXPI,SALE,8000.5,REPRESENTATIVES,1001.0,D,2024-09-25
2024-09-12,JOSH GOTTHEIMER,G000583,2024-10-03,MCK,SALE,8000.5,REPRESENTATIVES,1001.0,D,2024-10-04
2024-09-12,JOSH GOTTHEIMER,G000583,2024-10-03,AAPL,PURCHASE,8000.5,REPRESENTATIVES,1001.0,D,2024-10-04
2024-09-12,JOSH GOTTHEIMER,G000583,2024-10-03,MSFT,SALE,8000.5,REPRESENTATIVES,1001.0,D,2024-10-04
2024-09-12,JOSH GOTTHEIMER,G000583,2024-10-03,AVGO,SALE,8000.5,REPRESENTATIVES,1001.0,D,2024-10-04
2024-09-12,JOSH GOTTHEIMER,G000583,2024-10-03,ETN,SALE,8000.5,REPRESENTATIVES,1001.0,D,2024-10-04
2024-09-13,JOSH GOTTHEIMER,G000583,2024-10-03,IBM,PURCHASE,8000.5,REPRESENTATIVES,1001.0,D,2024-10-04
2024-09-16,JOSH GOTTHEIMER,G000583,2024-10-03,PPBI,SALE,8000.5,REPRESENTATIVES,1001.0,D,2024-10-04
2024-09-16,JOSH GOTTHEIMER,G000583,2024-10-03,CHRD,SALE,8000.5,REPRESENTATIVES,1001.0,D,2024-10-04
2024-09-16,JOSH GOTTHEIMER,G000583,2024-10-03,ETN,SALE,8000.5,REPRESENTATIVES,1001.0,D,2024-10-04
2024-09-16,JOSH GOTTHEIMER,G000583,2024-10-03,CELH,SALE,8000.5,REPRESENTATIVES,1001.0,D,2024-10-04
2024-09-16,JOSH GOTTHEIMER,G000583,2024-10-03,VRT,SALE,8000.5,REPRESENTATIVES,1001.0,D,2024-10-04
2024-09-16,JOSH GOTTHEIMER,G000583,2024-10-03,ALGM,SALE,8000.5,REPRESENTATIVES,1001.0,D,2024-10-04
2024-09-16,JOSH GOTTHEIMER,G000583,2024-10-03,USPH,SALE,8000.5,REPRESENTATIVES,1001.0,D,2024-10-04
2024-09-16,JOSH GOTTHEIMER,G000583,2024-10-03,GOOG,SALE,8000.5,REPRESENTATIVES,1001.0,D,2024-10-04
2024-09-16,JOSH GOTTHEIMER,G000583,2024-10-03,XNGSY,SALE,8000.5,REPRESENTATIVES,1001.0,D,2024-10-04
2024-09-17,JOSH GOTTHEIMER,G000583,2024-10-03,IBM,PURCHASE,8000.5,REPRESENTATIVES,1001.0,D,2024-10-04
2024-09-18,JOSH GOTTHEIMER,G000583,2024-10-03,MA,PURCHASE,8000.5,REPRESENTATIVES,1001.0,D,2024-10-04
2024-09-20,JOSH GOTTHEIMER,G000583,2024-10-03,IBN,SALE,8000.5,REPRESENTATIVES,1001.0,D,2024-10-04
2024-09-20,JOSH GOTTHEIMER,G000583,2024-10-03,HDB,PURCHASE,8000.5,REPRESENTATIVES,1001.0,D,2024-10-04
2024-09-20,JOSH GOTTHEIMER,G000583,2024-10-03,BX,PURCHASE,8000.5,REPRESENTATIVES,1001.0,D,2024-10-04
2024-09-23,JOSH GOTTHEIMER,G000583,2024-10-03,NOW,PURCHASE,8000.5,REPRESENTATIVES,1001.0,D,2024-10-04
2024-09-23,JOSH GOTTHEIMER,G000583,2024-10-03,ASML,SALE,8000.5,REPRESENTATIVES,1001.0,D,2024-10-04
2024-09-23,JOSH GOTTHEIMER,G000583,2024-10-03,HDB,PURCHASE,8000.5,REPRESENTATIVES,1001.0,D,2024-10-04
2024-09-23,JOSH GOTTHEIMER,G000583,2024-10-03,LRCX,SALE,8000.5,REPRESENTATIVES,1001.0,D,2024-10-04
2024-09-23,JOSH GOTTHEIMER,G000583,2024-10-03,IBN,SALE,8000.5,REPRESENTATIVES,1001.0,D,2024-10-04
2024-09-23,JOSH GOTTHEIMER,G000583,2024-10-03,TSM,SALE,8000.5,REPRESENTATIVES,1001.0,D,2024-10-04
2024-09-23,JOSH GOTTHEIMER,G000583,2024-10-03,IBM,PURCHASE,8000.5,REPRESENTATIVES,1001.0,D,2024-10-04
2024-09-24,JOSH GOTTHEIMER,G000583,2024-10-03,SNPS,SALE,8000.5,REPRESENTATIVES,1001.0,D,2024-10-04
2024-09-24,JOSH GOTTHEIMER,G000583,2024-10-03,HDB,PURCHASE,8000.5,REPRESENTATIVES,1001.0,D,2024-10-04
2024-09-24,JOSH GOTTHEIMER,G000583,2024-10-03,FCX,SALE,8000.5,REPRESENTATIVES,1001.0,D,2024-10-04
2024-09-25,JOSH GOTTHEIMER,G000583,2024-10-03,META,SALE,8000.5,REPRESENTATIVES,1001.0,D,2024-10-04
2024-09-25,JOSH GOTTHEIMER,G000583,2024-10-03,ALG,SALE,8000.5,REPRESENTATIVES,1001.0,D,2024-10-04
2024-09-25,JOSH GOTTHEIMER,G000583,2024-10-03,CNS,SALE,8000.5,REPRESENTATIVES,1001.0,D,2024-10-04
2024-09-25,JOSH GOTTHEIMER,G000583,2024-10-03,CRNX,PURCHASE,8000.5,REPRESENTATIVES,1001.0,D,2024-10-04
2024-09-25,JOSH GOTTHEIMER,G000583,2024-10-03,BOOT,SALE,8000.5,REPRESENTATIVES,1001.0,D,2024-10-04
2024-09-25,JOSH GOTTHEIMER,G000583,2024-10-03,ICFI,SALE,8000.5,REPRESENTATIVES,1001.0,D,2024-10-04
2024-09-26,JOSH GOTTHEIMER,G000583,2024-10-03,PYPL,PURCHASE,8000.5,REPRESENTATIVES,1001.0,D,2024-10-04
2024-09-27,JOSH GOTTHEIMER,G000583,2024-10-03,APH,SALE,8000.5,REPRESENTATIVES,1001.0,D,2024-10-04
2024-09-27,JOSH GOTTHEIMER,G000583,2024-10-03,TT,SALE,8000.5,REPRESENTATIVES,1001.0,D,2024-10-04
